;BGCI;;Bitwise 10;;HODL5;;NCI
02/01/2018;1503,59;01/01/2018;22633,49;01/01/2018;5939,4;29/01/2021;1870,94
03/01/2018;1653,48;02/01/2018;25390,14;02/01/2018;6542;01/02/2021;1836,71
04/01/2018;1638,93;03/01/2018;26670,96;03/01/2018;7250,12;02/02/2021;1960,8
05/01/2018;1650,2;04/01/2018;26525,44;04/01/2018;7646,91;03/02/2021;2096,71
08/01/2018;1667,36;05/01/2018;27615,65;05/01/2018;7517,1;04/02/2021;2045,21
09/01/2018;1636,62;08/01/2018;26660,2;06/01/2018;7909,14;05/02/2021;2141,41
10/01/2018;1651,62;09/01/2018;26203,41;07/01/2018;7924,03;08/02/2021;2489,1
11/01/2018;1518,63;10/01/2018;26545,07;08/01/2018;7397,32;09/02/2021;2503,98
12/01/2018;1619,33;11/01/2018;24111,29;09/01/2018;7420,93;10/02/2021;2427,6
16/01/2018;1157,04;12/01/2018;25574,71;10/01/2018;7173,77;11/02/2021;2573,87
17/01/2018;1237,49;15/01/2018;24608,17;11/01/2018;7017,19;12/02/2021;2573,59
18/01/2018;1290,4;16/01/2018;20015,95;12/01/2018;6872,68;15/02/2021;2583,83
19/01/2018;1284,96;17/01/2018;19782,95;13/01/2018;7227,97;16/02/2021;2629,31
22/01/2018;1173,34;18/01/2018;20375,14;14/01/2018;6746,1;17/02/2021;2780,7
23/01/2018;1204,22;19/01/2018;20684,16;15/01/2018;6939,39;18/02/2021;2778,49
24/01/2018;1246,39;22/01/2018;19155,94;16/01/2018;5654,65;19/02/2021;2969,55
25/01/2018;1238,77;23/01/2018;19105,46;17/01/2018;4686,62;22/02/2021;2831,65
26/01/2018;1200,41;24/01/2018;20020,29;18/01/2018;5753,51;23/02/2021;2541,62
29/01/2018;1279,84;25/01/2018;19620,89;19/01/2018;5680,66;24/02/2021;2594,36
30/01/2018;1145,68;26/01/2018;19372,78;20/01/2018;6129,55;25/02/2021;2421,52
31/01/2018;1163,59;29/01/2018;20133,7;21/01/2018;5367,99;26/02/2021;2396,77
01/02/2018;1047,52;30/01/2018;18014,08;22/01/2018;4948,41;01/03/2021;2604,42
02/02/2018;960,39;31/01/2018;18422,28;23/01/2018;5417,34;02/03/2021;2500,8
05/02/2018;773,93;01/02/2018;16334,58;24/01/2018;5263,65;03/03/2021;2613,02
06/02/2018;848,42;02/02/2018;15473,95;25/01/2018;5187,86;04/03/2021;2517,04
07/02/2018;871,08;05/02/2018;11930,5;26/01/2018;5215,4;05/03/2021;2530,14
08/02/2018;896,64;06/02/2018;13419,31;27/01/2018;5378,13;08/03/2021;2762,03
09/02/2018;962,57;07/02/2018;13009,9;28/01/2018;5600,84;09/03/2021;2883,26
12/02/2018;1002,62;08/02/2018;14334,81;29/01/2018;5492,03;10/03/2021;2907,3
13/02/2018;969,17;09/02/2018;15428,91;30/01/2018;5089,87;11/03/2021;2986,75
14/02/2018;1070,57;12/02/2018;15697,15;31/01/2018;4902,71;12/03/2021;2947,95
15/02/2018;1090,51;13/02/2018;15121,24;01/02/2018;4421,28;15/03/2021;2891,03
16/02/2018;1123,08;14/02/2018;16954,05;02/02/2018;4319,89;16/03/2021;2940,77
20/02/2018;1161,61;15/02/2018;17426,09;03/02/2018;4429,18;17/03/2021;3035,79
21/02/2018;1032,13;16/02/2018;17770,61;04/02/2018;3984,04;18/03/2021;2966,3
22/02/2018;989,34;19/02/2018;18553,16;05/02/2018;3355,18;19/03/2021;2996,07
23/02/2018;1010,03;20/02/2018;18015,84;06/02/2018;3304,49;22/03/2021;2792,88
26/02/2018;1045,88;21/02/2018;16862,85;07/02/2018;3687,37;23/03/2021;2801,2
27/02/2018;1067,58;22/02/2018;15880,44;08/02/2018;3790,23;24/03/2021;2688,17
28/02/2018;1038,86;23/02/2018;16568,58;09/02/2018;3993,69;25/03/2021;2645,85
01/03/2018;1065,66;26/02/2018;16769,99;10/02/2018;4018,42;26/03/2021;2832,83
02/03/2018;1057,04;27/02/2018;17005,42;11/02/2018;4053,31;29/03/2021;2973,38
05/03/2018;1086,74;28/02/2018;16485,99;12/02/2018;4190,75;30/03/2021;3027,02
06/03/2018;1030,88;01/03/2018;17243,96;13/02/2018;4094,89;31/03/2021;3049,66
07/03/2018;944,99;02/03/2018;17203,39;14/02/2018;4472,85;01/04/2021;3066,27
08/03/2018;887,89;05/03/2018;17574,89;15/02/2018;4720,46;02/04/2021;3128,83
09/03/2018;872,34;06/03/2018;16618,01;16/02/2018;4751,32;05/04/2021;3126,97
12/03/2018;865,01;07/03/2018;15422,8;17/02/2018;5004,32;06/04/2021;3094,53
13/03/2018;858,6;08/03/2018;14435,29;18/02/2018;4825,87;07/04/2021;2955,98
14/03/2018;780,99;09/03/2018;14622,24;19/02/2018;4962,77;08/04/2021;3082,46
15/03/2018;769,58;12/03/2018;14195,28;20/02/2018;5040,58;09/04/2021;3076,35
16/03/2018;791,4;13/03/2018;14164,42;21/02/2018;4490;12/04/2021;3179,26
19/03/2018;753,23;14/03/2018;12646,63;22/02/2018;4259,07;13/04/2021;3387,31
20/03/2018;793,21;15/03/2018;12655,52;23/02/2018;4392,39;14/04/2021;3411,66
21/03/2018;786,9;16/03/2018;12625,12;24/02/2018;4290,73;15/04/2021;3456,08
22/03/2018;754,16;19/03/2018;12865,36;25/02/2018;4194,65;16/04/2021;3373,59
23/03/2018;751,7;20/03/2018;13189,41;26/02/2018;4446,55;19/04/2021;3049,19
26/03/2018;680,69;21/03/2018;13144,25;27/02/2018;4549,11;20/04/2021;3115,05
27/03/2018;677,94;22/03/2018;12809,98;28/02/2018;4449,42;21/04/2021;3055,08
28/03/2018;665,01;23/03/2018;13003,64;01/03/2018;4557,09;22/04/2021;2936,23
29/03/2018;586,79;26/03/2018;11771,98;02/03/2018;4527,63;23/04/2021;2829,45
02/04/2018;570,13;27/03/2018;11189,23;03/03/2018;4672,29;26/04/2021;3042,53
03/04/2018;619,2;28/03/2018;11311,91;04/03/2018;4610,75;27/04/2021;3135,7
04/04/2018;568,75;29/03/2018;9977,68;05/03/2018;4802,11;28/04/2021;3141,06
05/04/2018;566,24;30/03/2018;9812,55;06/03/2018;4519,23;29/04/2021;3082,19
06/04/2018;547,22;02/04/2018;9936,9;07/03/2018;4086,49;30/04/2021;3250,79
09/04/2018;562,16;03/04/2018;10605,18;08/03/2018;3934,63;03/05/2021;3417,13
10/04/2018;580,72;04/04/2018;9641,02;09/03/2018;3683,15;04/05/2021;3286,41
11/04/2018;597,29;05/04/2018;9666,5;10/03/2018;3958,71;05/05/2021;3510,41
12/04/2018;671,76;06/04/2018;9362;11/03/2018;3867,86;06/05/2021;3476,98
13/04/2018;701,74;09/04/2018;9699,66;12/03/2018;3821,06;07/05/2021;3482,18
16/04/2018;707,99;10/04/2018;9838,22;13/03/2018;3825,16;10/05/2021;3581,18
17/04/2018;710,35;11/04/2018;10267,14;14/03/2018;3490,16;11/05/2021;3650,48
18/04/2018;754,16;12/04/2018;11699,38;15/03/2018;3315,1;12/05/2021;3496,14
19/04/2018;784,55;13/04/2018;11655,69;16/03/2018;3496,82;13/05/2021;3211,86
20/04/2018;867,39;16/04/2018;11954,23;17/03/2018;3230,13;14/05/2021;3333,93
23/04/2018;914,74;17/04/2018;11809,61;18/03/2018;2868,32;17/05/2021;2851,53
24/04/2018;990,65;18/04/2018;12514,89;19/03/2018;3314,91;18/05/2021;2871,79
25/04/2018;906,56;19/04/2018;13032,24;20/03/2018;3468,46;19/05/2021;2442,32
26/04/2018;925,08;20/04/2018;14303,23;21/03/2018;3448,34;20/05/2021;2541,51
27/04/2018;916,04;23/04/2018;14621,98;22/03/2018;3322,71;21/05/2021;2244,99
30/04/2018;944,07;24/04/2018;15766,34;23/03/2018;3319,85;24/05/2021;2415,94
01/05/2018;912,64;25/04/2018;14217,38;24/03/2018;3408,91;25/05/2021;2396,29
02/05/2018;955,45;26/04/2018;15096,94;25/03/2018;3255,79;26/05/2021;2495,7
03/05/2018;1000;27/04/2018;14580,89;26/03/2018;3076,68;27/05/2021;2470,9
04/05/2018;1020,73;30/04/2018;15125,07;27/03/2018;3048,27;28/05/2021;2181,31
07/05/2018;986,53;01/05/2018;15074,2;28/03/2018;2941,83;31/05/2021;2366,33
08/05/2018;976,02;02/05/2018;15412,58;29/03/2018;2748,36;01/06/2021;2310,56
09/05/2018;984,69;03/05/2018;16248,35;30/03/2018;2518,1;;
10/05/2018;1000,47;04/05/2018;16235,79;31/03/2018;2626,18;;
11/05/2018;888,79;07/05/2018;15789,73;01/04/2018;2387,29;;
14/05/2018;920,75;08/05/2018;15502,08;02/04/2018;2581,02;;
15/05/2018;903,53;09/05/2018;15598,68;03/04/2018;2721,29;;
16/05/2018;865,05;10/05/2018;14964,25;04/04/2018;2502,56;;
17/05/2018;876,67;11/05/2018;13801,9;05/04/2018;2498,57;;
18/05/2018;834,39;14/05/2018;14432,79;06/04/2018;2423,8;;
21/05/2018;869,13;15/05/2018;13947,07;07/04/2018;2573,14;;
22/05/2018;847,5;16/05/2018;13801,33;08/04/2018;2604,31;;
23/05/2018;782,78;17/05/2018;13158,65;09/04/2018;2513,99;;
24/05/2018;755,8;18/05/2018;13513,79;10/04/2018;2556,14;;
25/05/2018;756,31;21/05/2018;13682,58;11/04/2018;2609,1;;
29/05/2018;725,37;22/05/2018;12838,31;12/04/2018;2882,16;;
30/05/2018;722,37;23/05/2018;11845,96;13/04/2018;3183,34;;
31/05/2018;751,39;24/05/2018;12289,21;14/04/2018;3057,15;;
01/06/2018;740,36;25/05/2018;11966,33;15/04/2018;3207,18;;
04/06/2018;772,44;28/05/2018;11023,52;16/04/2018;3091,05;;
05/06/2018;793,99;29/05/2018;11839,15;17/04/2018;3167,03;;
06/06/2018;778,92;30/05/2018;11698,14;18/04/2018;3157,07;;
07/06/2018;796,71;31/05/2018;11940,27;19/04/2018;3327,35;;
08/06/2018;787,2;01/06/2018;12003,76;20/04/2018;3577,8;;
11/06/2018;676,85;04/06/2018;12179,73;21/04/2018;3714,49;;
12/06/2018;643,16;05/06/2018;12452,11;22/04/2018;3800,38;;
13/06/2018;613,43;06/06/2018;12458,59;23/04/2018;3829,25;;
14/06/2018;668,33;07/06/2018;12485,5;24/04/2018;4060,15;;
15/06/2018;647,74;08/06/2018;12364,12;25/04/2018;3712,64;;
18/06/2018;662,57;11/06/2018;11029,16;26/04/2018;3697,3;;
19/06/2018;674,21;12/06/2018;10356,52;27/04/2018;3893,6;;
20/06/2018;669,29;13/06/2018;9945,35;28/04/2018;3961,43;;
21/06/2018;662,4;14/06/2018;10591,88;29/04/2018;3947,55;;
22/06/2018;601,06;15/06/2018;10102,99;30/04/2018;3923,1;;
25/06/2018;590,86;18/06/2018;10570,41;01/05/2018;3746,95;;
26/06/2018;572,42;19/06/2018;10726,03;02/05/2018;3910,78;;
27/06/2018;571,18;20/06/2018;10686,27;03/05/2018;4084,69;;
28/06/2018;564,09;21/06/2018;10566,82;04/05/2018;4168,71;;
29/06/2018;537,61;22/06/2018;9436,37;05/05/2018;4376,66;;
02/07/2018;619,99;25/06/2018;9574,57;06/05/2018;4165,64;;
03/07/2018;616,33;26/06/2018;9145,25;07/05/2018;4020,89;;
05/07/2018;599,9;27/06/2018;9333,4;08/05/2018;3978,86;;
06/07/2018;604,95;28/06/2018;8854,17;09/05/2018;4013,69;;
09/07/2018;610,96;29/06/2018;9317,44;10/05/2018;4045,13;;
10/07/2018;571,26;02/07/2018;10048,38;11/05/2018;3623,98;;
11/07/2018;566,45;03/07/2018;9839,94;12/05/2018;3526,4;;
12/07/2018;553,62;04/07/2018;9967,48;13/05/2018;3747,44;;
13/07/2018;554,88;05/07/2018;9857,5;14/05/2018;3793,33;;
16/07/2018;615,29;06/07/2018;9914,3;15/05/2018;3680,61;;
17/07/2018;658,09;09/07/2018;9953,18;16/05/2018;3555,38;;
18/07/2018;643,38;10/07/2018;9330,53;17/05/2018;3581,64;;
19/07/2018;638,85;11/07/2018;9493,55;18/05/2018;3449,29;;
20/07/2018;609,14;12/07/2018;9255,93;19/05/2018;3554,11;;
23/07/2018;627,21;13/07/2018;9285,58;20/05/2018;3593,03;;
24/07/2018;661,96;16/07/2018;10180,47;21/05/2018;3570,11;;
25/07/2018;659,34;17/07/2018;10906,23;22/05/2018;3482,71;;
26/07/2018;664,92;18/07/2018;10849,49;23/05/2018;3165,77;;
27/07/2018;656,41;19/07/2018;10859,76;24/05/2018;3165,63;;
30/07/2018;638,12;20/07/2018;10456,64;25/05/2018;3136,13;;
31/07/2018;611,38;23/07/2018;10818,42;26/05/2018;3164,68;;
01/08/2018;600,27;24/07/2018;11679,63;27/05/2018;3055,98;;
02/08/2018;589,35;25/07/2018;11455,32;28/05/2018;2937,33;;
03/08/2018;587,77;26/07/2018;11136,66;29/05/2018;3037,91;;
06/08/2018;565,88;27/07/2018;11418,15;30/05/2018;3005,52;;
07/08/2018;552,88;30/07/2018;11284,29;31/05/2018;3118,05;;
08/08/2018;495,06;31/07/2018;10731,81;01/06/2018;3087,36;;
09/08/2018;502,65;01/08/2018;10496,14;02/06/2018;3190,07;;
10/08/2018;491,24;02/08/2018;10363,7;03/06/2018;3305,74;;
13/08/2018;434,19;03/08/2018;10238,48;04/06/2018;3168,02;;
14/08/2018;407,13;06/08/2018;9751,81;05/06/2018;3223,32;;
15/08/2018;436,83;07/08/2018;9723,37;06/06/2018;3273,23;;
16/08/2018;445,37;08/08/2018;8709,65;07/06/2018;3268,89;;
17/08/2018;466,07;09/08/2018;8859,02;08/06/2018;3235,8;;
20/08/2018;454,42;10/08/2018;8723,52;09/06/2018;3234,1;;
21/08/2018;444,11;13/08/2018;8064,71;10/06/2018;3042,04;;
22/08/2018;434,43;15/08/2018;8172,06;11/06/2018;2785,94;;
23/08/2018;439,37;20/08/2018;8343,77;12/06/2018;2825,89;;
24/08/2018;452,01;21/08/2018;8251,05;13/06/2018;2589,66;;
27/08/2018;456,67;27/08/2018;8552,81;14/06/2018;2595,27;;
28/08/2018;488,4;28/08/2018;9064,18;15/06/2018;2715;;
29/08/2018;480,09;03/09/2018;9330,98;16/06/2018;2622,49;;
30/08/2018;460,76;04/09/2018;9294,39;17/06/2018;2684,26;;
31/08/2018;478,88;05/09/2018;8485,99;18/06/2018;2651,64;;
04/09/2018;495,51;07/09/2018;7916,89;19/06/2018;2800,28;;
05/09/2018;440,17;10/09/2018;7568,77;20/06/2018;2793,95;;
06/09/2018;418,14;11/09/2018;7481,16;21/06/2018;2763,71;;
07/09/2018;409,39;12/09/2018;7522,18;22/06/2018;2514,95;;
10/09/2018;384,61;13/09/2018;7818,69;23/06/2018;2481,84;;
11/09/2018;371,51;14/09/2018;7988,61;24/06/2018;2296,44;;
12/09/2018;371,81;17/09/2018;7563,71;25/06/2018;2516,97;;
13/09/2018;394,66;18/09/2018;7745,7;26/06/2018;2452,89;;
14/09/2018;408,8;19/09/2018;7882,85;27/06/2018;2407,23;;
17/09/2018;379,5;20/09/2018;8033,94;28/06/2018;2401,53;;
18/09/2018;397,62;21/09/2018;8981,84;29/06/2018;2300,62;;
19/09/2018;406,42;24/09/2018;8656,75;30/06/2018;2484,92;;
20/09/2018;421,06;25/09/2018;8111,16;01/07/2018;2462,34;;
21/09/2018;498,5;26/09/2018;8516,13;02/07/2018;2599,57;;
24/09/2018;470,94;27/09/2018;8808,24;03/07/2018;2591,76;;
25/09/2018;431,95;28/09/2018;8755,83;04/07/2018;2616,77;;
26/09/2018;465,65;01/10/2018;8719,54;05/07/2018;2582,1;;
27/09/2018;490,16;03/10/2018;8417,78;06/07/2018;2554,2;;
28/09/2018;477,89;04/10/2018;8602,78;07/07/2018;2542,72;;
01/10/2018;479,88;05/10/2018;8532,96;08/07/2018;2637,04;;
02/10/2018;477,47;08/10/2018;8660,24;09/07/2018;2608,56;;
03/10/2018;460,12;09/10/2018;8557,79;10/07/2018;2447,19;;
04/10/2018;472,02;10/10/2018;8468,41;11/07/2018;2442,99;;
05/10/2018;465,23;11/10/2018;7825,73;12/07/2018;2374,25;;
08/10/2018;469,56;12/10/2018;7843,54;13/07/2018;2417,18;;
09/10/2018;461,2;15/10/2018;8203,85;14/07/2018;2406,09;;
10/10/2018;456,77;16/10/2018;8188,01;15/07/2018;2470,5;;
11/10/2018;411,04;17/10/2018;8263,52;16/07/2018;2580,86;;
12/10/2018;414,65;18/10/2018;8108,25;17/07/2018;2625,33;;
15/10/2018;425,86;19/10/2018;8114,87;18/07/2018;2822,97;;
16/10/2018;436,22;22/10/2018;8107;19/07/2018;2741,62;;
17/10/2018;435,29;23/10/2018;8134,01;20/07/2018;2711,65;;
18/10/2018;428,14;24/10/2018;8197,18;21/07/2018;2709,02;;
19/10/2018;430,06;25/10/2018;8125,15;22/07/2018;2741,49;;
22/10/2018;430,37;26/10/2018;8103,71;23/07/2018;2766,4;;
23/10/2018;430,12;29/10/2018;7844,6;24/07/2018;2889,46;;
24/10/2018;432,59;30/10/2018;7872,84;25/07/2018;2860,27;;
25/10/2018;428,78;31/10/2018;7953,8;26/07/2018;2888,35;;
26/10/2018;427,88;01/11/2018;7979,37;27/07/2018;2854,22;;
29/10/2018;411,71;02/11/2018;8083,42;28/07/2018;2836,79;;
30/10/2018;413,02;05/11/2018;8297,15;29/07/2018;2874,47;;
31/10/2018;419,67;06/11/2018;8528,02;30/07/2018;2826,59;;
01/11/2018;420,45;07/11/2018;8589,94;31/07/2018;2694,86;;
02/11/2018;428,45;08/11/2018;8453,4;01/08/2018;2671,22;;
05/11/2018;448,18;09/11/2018;8296,02;02/08/2018;2621,68;;
06/11/2018;469,83;13/11/2018;8258,65;03/08/2018;2617,92;;
07/11/2018;472,13;14/11/2018;7117,8;04/08/2018;2496,71;;
08/11/2018;459,71;15/11/2018;7113,33;05/08/2018;2506,01;;
09/11/2018;448,64;16/11/2018;7124,04;06/08/2018;2491,12;;
12/11/2018;450,57;19/11/2018;6378,76;07/08/2018;2508,4;;
13/11/2018;442,91;20/11/2018;5606,19;08/08/2018;2234,91;;
14/11/2018;377,04;21/11/2018;5732,33;09/08/2018;2220,74;;
15/11/2018;380,95;22/11/2018;5696,4;10/08/2018;2208,02;;
16/11/2018;382,27;26/11/2018;4662,54;11/08/2018;2013,46;;
19/11/2018;348,46;27/11/2018;4736,02;12/08/2018;2084,74;;
20/11/2018;307,77;29/11/2018;5265,83;13/08/2018;2034,78;;
21/11/2018;312,02;30/11/2018;5005,17;14/08/2018;1871,84;;
23/11/2018;287,85;03/12/2018;4830,61;15/08/2018;2043,07;;
26/11/2018;251,35;04/12/2018;4846,85;16/08/2018;2031,92;;
27/11/2018;251,94;05/12/2018;4655,49;17/08/2018;2078,29;;
28/11/2018;290,69;06/12/2018;4456,94;18/08/2018;2061,23;;
29/11/2018;275,08;07/12/2018;4109,62;19/08/2018;2107;;
30/11/2018;265,09;10/12/2018;4161,16;20/08/2018;2072,26;;
03/12/2018;252,41;11/12/2018;4082,2;21/08/2018;2046;;
04/12/2018;252,66;12/12/2018;4193,51;22/08/2018;2053,6;;
06/12/2018;229,31;13/12/2018;3971,18;23/08/2018;2032,27;;
07/12/2018;211,26;14/12/2018;3843,24;24/08/2018;2043,92;;
10/12/2018;212,62;17/12/2018;4404,66;25/08/2018;2114,42;;
11/12/2018;210,07;18/12/2018;4342,48;26/08/2018;2081,89;;
12/12/2018;215,6;19/12/2018;4685,79;27/08/2018;2108,51;;
13/12/2018;204,6;20/12/2018;4906,65;28/08/2018;2205,31;;
14/12/2018;197,59;21/12/2018;4782,08;29/08/2018;2182,88;;
17/12/2018;227,3;24/12/2018;5230,11;30/08/2018;2131,06;;
18/12/2018;227,97;25/12/2018;4911,14;31/08/2018;2145,62;;
19/12/2018;246,47;26/12/2018;4856,58;01/09/2018;2254,83;;
20/12/2018;262,02;27/12/2018;4554,89;02/09/2018;2251,73;;
21/12/2018;254,02;28/12/2018;5034,33;03/09/2018;2257,57;;
24/12/2018;288,95;01/01/2019;5009,31;04/09/2018;2274,99;;
26/12/2018;267,27;02/01/2019;5244,96;05/09/2018;2088,87;;
27/12/2018;248,17;03/01/2019;4950,03;06/09/2018;1914,37;;
28/12/2018;276,77;04/01/2019;4949,49;07/09/2018;1888,11;;
31/12/2018;260,59;07/01/2019;5186,22;08/09/2018;1901,63;;
02/01/2019;284,91;08/01/2019;5169,13;09/09/2018;1854,19;;
03/01/2019;275,76;09/01/2019;5180,95;10/09/2018;1810,08;;
04/01/2019;279,18;10/01/2019;4626,92;11/09/2018;1759,71;;
07/01/2019;287,25;11/01/2019;4636,04;12/09/2018;1736,81;;
08/01/2019;284,89;14/01/2019;4395,54;13/09/2018;1854,03;;
09/01/2019;285,75;15/01/2019;4496,28;14/09/2018;1861,26;;
10/01/2019;252,06;16/01/2019;4541,17;15/09/2018;1909,18;;
11/01/2019;251,99;17/01/2019;4585,85;16/09/2018;1877,78;;
14/01/2019;253,94;18/01/2019;4536,15;17/09/2018;1810,32;;
15/01/2019;243,41;21/01/2019;4454,89;18/09/2018;1902,53;;
16/01/2019;246,62;22/01/2019;4518,13;19/09/2018;1890,96;;
17/01/2019;249,18;23/01/2019;4438,19;20/09/2018;1958,68;;
18/01/2019;244,42;24/01/2019;4504;21/09/2018;2283,54;;
22/01/2019;243,83;28/01/2019;4208,5;22/09/2018;2289,38;;
23/01/2019;240,06;29/01/2019;4196,39;23/09/2018;2294,25;;
24/01/2019;242,35;30/01/2019;4300,89;24/09/2018;2209,72;;
25/01/2019;240,17;31/01/2019;4271,48;25/09/2018;2050,8;;
28/01/2019;223,42;01/02/2019;4285,78;26/09/2018;2212,84;;
29/01/2019;223,01;04/02/2019;4253,51;27/09/2018;2191,28;;
30/01/2019;232,36;05/02/2019;4250,2;28/09/2018;2243,59;;
31/01/2019;229,88;07/02/2019;4165,71;29/09/2018;2283,6;;
01/02/2019;229,79;08/02/2019;4545,38;30/09/2018;2308,96;;
04/02/2019;228,85;12/02/2019;4558,33;01/10/2018;2253,56;;
05/02/2019;227,97;13/02/2019;4493,36;02/10/2018;2260,05;;
06/02/2019;222,37;14/02/2019;4483,88;03/10/2018;2200,24;;
07/02/2019;222,88;15/02/2019;4485,51;04/10/2018;2224,23;;
08/02/2019;246,03;18/02/2019;4950,09;05/10/2018;2209,27;;
11/02/2019;244,94;19/02/2019;5051,25;06/10/2018;2184,91;;
12/02/2019;248,36;21/02/2019;4970,08;07/10/2018;2160,02;;
13/02/2019;244,1;22/02/2019;5038,45;08/10/2018;2209,21;;
14/02/2019;243,53;25/02/2019;4889,37;09/10/2018;2179,18;;
15/02/2019;243,42;26/02/2019;4822,9;10/10/2018;2146,58;;
19/02/2019;280,4;27/02/2019;4707,65;11/10/2018;1973,02;;
20/02/2019;281,55;28/02/2019;4833,57;12/10/2018;2003,09;;
21/02/2019;274,83;01/03/2019;4885,22;13/10/2018;1987,78;;
22/02/2019;279,22;04/03/2019;4670,2;14/10/2018;2000,72;;
25/02/2019;269,72;05/03/2019;4894,51;15/10/2018;2105,89;;
26/02/2019;265,28;06/03/2019;4909,25;16/10/2018;2104,1;;
27/02/2019;257,49;07/03/2019;4943,08;17/10/2018;2101,93;;
28/02/2019;265,6;08/03/2019;4959,65;18/10/2018;2091,25;;
01/03/2019;269,16;11/03/2019;4874,97;19/10/2018;2062,55;;
04/03/2019;254,39;12/03/2019;4908,08;20/10/2018;2071,22;;
05/03/2019;268,96;13/03/2019;4911,59;21/10/2018;2077,08;;
06/03/2019;270,44;14/03/2019;4907,82;22/10/2018;2064,51;;
07/03/2019;272,53;15/03/2019;5005,82;23/10/2018;2047,33;;
08/03/2019;272,12;18/03/2019;5072,77;24/10/2018;2071,31;;
11/03/2019;265,72;19/03/2019;5112,6;25/10/2018;2064,15;;
12/03/2019;267,83;20/03/2019;5129,12;26/10/2018;2057,85;;
13/03/2019;267,4;21/03/2019;5051,7;27/10/2018;2058,81;;
14/03/2019;266,91;22/03/2019;5091,19;28/10/2018;2066,18;;
15/03/2019;273,32;25/03/2019;4962,48;29/10/2018;2005,63;;
18/03/2019;275,1;26/03/2019;4973,76;30/10/2018;2002,67;;
19/03/2019;276,58;27/03/2019;5138,85;31/10/2018;2022,98;;
20/03/2019;277,61;28/03/2019;5131,55;01/11/2018;2022,28;;
21/03/2019;272,46;29/03/2019;5214,23;02/11/2018;2054,07;;
22/03/2019;275,08;01/04/2019;5274,34;03/11/2018;2044,86;;
25/03/2019;267,24;02/04/2019;6077,88;04/11/2018;2105,77;;
26/03/2019;267,73;03/04/2019;6704,06;05/11/2018;2132,41;;
27/03/2019;277,95;04/04/2019;6124,92;06/11/2018;2198,66;;
28/03/2019;277,52;05/04/2019;6456,42;07/11/2018;2228,17;;
29/03/2019;281,33;08/04/2019;6682,95;08/11/2018;2167,98;;
01/04/2019;282,98;09/04/2019;6669,69;09/11/2018;2147,64;;
02/04/2019;324,1;10/04/2019;6906,14;10/11/2018;2155,49;;
03/04/2019;357,49;11/04/2019;6396,15;11/11/2018;2121,73;;
04/04/2019;319,45;12/04/2019;6372,08;12/11/2018;2156,19;;
05/04/2019;342,16;15/04/2019;6294,22;13/11/2018;2154,42;;
08/04/2019;352,69;16/04/2019;6524,17;14/11/2018;1901,85;;
09/04/2019;351,91;17/04/2019;6573,48;15/11/2018;1836,41;;
10/04/2019;362,66;18/04/2019;6680,34;16/11/2018;1846,22;;
11/04/2019;331,94;19/04/2019;6657,96;17/11/2018;1857,14;;
12/04/2019;330,52;22/04/2019;6674,8;18/11/2018;1897,9;;
15/04/2019;322,21;23/04/2019;6835,8;19/11/2018;1738,45;;
16/04/2019;334,56;24/04/2019;6545,24;20/11/2018;1611,51;;
17/04/2019;339,17;25/04/2019;6621,83;21/11/2018;1544,3;;
18/04/2019;346,42;26/04/2019;6145,35;22/11/2018;1519,99;;
22/04/2019;340,52;29/04/2019;6183,47;23/11/2018;1431,19;;
23/04/2019;344,72;30/04/2019;6331,82;24/11/2018;1428,26;;
24/04/2019;326,25;01/05/2019;6397,02;25/11/2018;1254,6;;
25/04/2019;329,21;02/05/2019;6466,36;26/11/2018;1284,32;;
26/04/2019;309,61;03/05/2019;6796,2;27/11/2018;1256,38;;
29/04/2019;308,84;06/05/2019;6862,93;28/11/2018;1393;;
30/04/2019;319,05;07/05/2019;6907,06;29/11/2018;1414,63;;
01/05/2019;319,56;08/05/2019;6945,17;30/11/2018;1323,94;;
02/05/2019;320,15;09/05/2019;7039,92;01/12/2018;1387,52;;
03/05/2019;336,22;10/05/2019;7368,22;02/12/2018;1367,48;;
06/05/2019;339,17;13/05/2019;8970,66;03/12/2018;1275,15;;
07/05/2019;337,09;14/05/2019;9004,43;04/12/2018;1319,47;;
08/05/2019;337,12;15/05/2019;9713,73;05/12/2018;1269,37;;
09/05/2019;337,54;16/05/2019;9448,78;06/12/2018;1199,24;;
10/05/2019;350,68;17/05/2019;8557,73;07/12/2018;1082,36;;
13/05/2019;410,01;20/05/2019;9321,66;08/12/2018;1101,33;;
14/05/2019;432,38;21/05/2019;9568,75;09/12/2018;1176,83;;
15/05/2019;477,47;22/05/2019;9435,07;10/12/2018;1112,85;;
16/05/2019;476,17;23/05/2019;9181,46;11/12/2018;1089,54;;
17/05/2019;426,23;24/05/2019;9566,22;12/12/2018;1134,31;;
20/05/2019;459,17;27/05/2019;10460,08;13/12/2018;1119,44;;
21/05/2019;472,46;28/05/2019;10421,35;14/12/2018;1062,23;;
22/05/2019;463,6;29/05/2019;10473,21;15/12/2018;1030,56;;
23/05/2019;447,7;30/05/2019;10350,95;16/12/2018;1067,87;;
24/05/2019;469,06;31/05/2019;11084,7;17/12/2018;1123,07;;
28/05/2019;519,83;03/06/2019;10230,78;18/12/2018;1180,63;;
29/05/2019;523,86;04/06/2019;9057,04;19/12/2018;1290,74;;
30/05/2019;512,05;05/06/2019;9330,63;20/12/2018;1348,94;;
31/05/2019;504,44;06/06/2019;9124,77;21/12/2018;1334,75;;
03/06/2019;504,73;07/06/2019;9592,3;22/12/2018;1298,82;;
04/06/2019;448,22;10/06/2019;9552,73;23/12/2018;1354,58;;
05/06/2019;465,12;11/06/2019;9494,3;24/12/2018;1473,4;;
06/06/2019;456,74;12/06/2019;9810,54;25/12/2018;1316;;
07/06/2019;478,66;13/06/2019;9881,7;26/12/2018;1318,07;;
10/06/2019;473,94;14/06/2019;9952,48;27/12/2018;1308,68;;
11/06/2019;473,88;17/06/2019;10896,97;28/12/2018;1345,13;;
12/06/2019;486,04;18/06/2019;10628,51;29/12/2018;1375,42;;
13/06/2019;490,52;19/06/2019;10752,4;30/12/2018;1351,78;;
14/06/2019;488,81;20/06/2019;11036,95;31/12/2018;1334,67;;
17/06/2019;529;21/06/2019;11513,81;01/01/2019;1305,34;;
18/06/2019;514,82;24/06/2019;12441,74;02/01/2019;1385,54;;
19/06/2019;522,08;25/06/2019;12818,68;03/01/2019;1381,81;;
20/06/2019;526,54;26/06/2019;15058,94;04/01/2019;1348,91;;
21/06/2019;553,65;27/06/2019;11967,15;05/01/2019;1393,05;;
24/06/2019;586,74;28/06/2019;13373,05;06/01/2019;1388,35;;
25/06/2019;595,03;01/07/2019;11382,23;07/01/2019;1411,91;;
26/06/2019;668,61;02/07/2019;11911,08;08/01/2019;1426,94;;
27/06/2019;539,14;03/07/2019;12355,83;09/01/2019;1410,32;;
28/06/2019;591,21;04/07/2019;12852,48;10/01/2019;1308,12;;
01/07/2019;530,5;05/07/2019;12173,01;11/01/2019;1254,67;;
02/07/2019;544,91;08/07/2019;13205,87;12/01/2019;1253,42;;
03/07/2019;555,37;09/07/2019;13395,78;13/01/2019;1245,19;;
05/07/2019;544,02;10/07/2019;12779,57;14/01/2019;1270,28;;
08/07/2019;583,52;11/07/2019;12204,03;15/01/2019;1251,2;;
09/07/2019;578,32;12/07/2019;12296,45;16/01/2019;1239,66;;
10/07/2019;543,91;15/07/2019;11317,99;17/01/2019;1236,28;;
11/07/2019;510,39;16/07/2019;10122,99;18/01/2019;1237,99;;
12/07/2019;521,37;17/07/2019;10274,28;19/01/2019;1264,09;;
15/07/2019;468,17;18/07/2019;11015,39;20/01/2019;1198,91;;
16/07/2019;419,42;19/07/2019;10873,77;21/01/2019;1203,21;;
17/07/2019;432,44;22/07/2019;10619,8;22/01/2019;1217,54;;
18/07/2019;461,66;23/07/2019;10646,08;23/01/2019;1208,38;;
19/07/2019;451,61;24/07/2019;10221,62;24/01/2019;1208,45;;
22/07/2019;446,14;25/07/2019;10438,69;25/01/2019;1206,04;;
23/07/2019;448,29;26/07/2019;10494,49;26/01/2019;1206,68;;
24/07/2019;435,9;29/07/2019;10042,89;27/01/2019;1190,75;;
25/07/2019;441,8;30/07/2019;10200,57;28/01/2019;1123,59;;
26/07/2019;449,14;31/07/2019;10556,67;29/01/2019;1130,41;;
29/07/2019;428,57;01/08/2019;10792,47;30/01/2019;1171,03;;
30/07/2019;435,96;02/08/2019;10903,41;31/01/2019;1151,96;;
31/07/2019;448,21;05/08/2019;12082,09;01/02/2019;1153,53;;
01/08/2019;452,09;07/08/2019;11970,67;02/02/2019;1152,92;;
02/08/2019;449,96;08/08/2019;11751,63;03/02/2019;1151,37;;
05/08/2019;486,99;09/08/2019;11851,46;04/02/2019;1138,18;;
06/08/2019;475,14;12/08/2019;11616,82;05/02/2019;1135,94;;
07/08/2019;473,13;13/08/2019;11142,12;06/02/2019;1117,43;;
08/08/2019;461,48;14/08/2019;10288,6;07/02/2019;1138,19;;
09/08/2019;454,28;15/08/2019;10262,52;08/02/2019;1179,5;;
12/08/2019;456,48;16/08/2019;10561,24;09/02/2019;1215,43;;
13/08/2019;444,83;19/08/2019;10846,02;10/02/2019;1206,05;;
14/08/2019;404,89;20/08/2019;10841,85;11/02/2019;1212,04;;
15/08/2019;402,34;21/08/2019;10248,91;12/02/2019;1203,73;;
16/08/2019;408,49;22/08/2019;10362,87;13/02/2019;1200,2;;
19/08/2019;424,58;23/08/2019;10589,94;14/02/2019;1205,42;;
20/08/2019;420,45;26/08/2019;10438,84;15/02/2019;1198,47;;
21/08/2019;401,98;27/08/2019;10309,06;16/02/2019;1215,68;;
22/08/2019;410,18;28/08/2019;9759,57;17/02/2019;1211,34;;
23/08/2019;416,35;29/08/2019;9600,77;18/02/2019;1309,34;;
26/08/2019;406,88;30/08/2019;9649,58;19/02/2019;1369,11;;
27/08/2019;403,87;02/09/2019;10222,68;20/02/2019;1342,59;;
28/08/2019;377,48;03/09/2019;10633,81;21/02/2019;1333,09;;
29/08/2019;374,14;04/09/2019;10648,66;22/02/2019;1343,35;;
30/08/2019;375,85;05/09/2019;10444,05;23/02/2019;1338,56;;
03/09/2019;402,64;06/09/2019;10310,95;24/02/2019;1279,08;;
04/09/2019;400,59;09/09/2019;10375,96;25/02/2019;1285,2;;
05/09/2019;388,38;10/09/2019;10101,49;26/02/2019;1294,37;;
06/09/2019;382,44;11/09/2019;10129,09;27/02/2019;1290,4;;
09/09/2019;399,65;12/09/2019;10341,53;28/02/2019;1298,9;;
10/09/2019;392,36;13/09/2019;10249,13;01/03/2019;1300,21;;
11/09/2019;389,68;16/09/2019;10278,01;02/03/2019;1283,77;;
12/09/2019;395,99;17/09/2019;10579,85;03/03/2019;1266,15;;
13/09/2019;392,88;18/09/2019;10591,84;04/03/2019;1239,52;;
16/09/2019;406,26;19/09/2019;10551,9;05/03/2019;1291,84;;
17/09/2019;434,56;20/09/2019;10502,11;06/03/2019;1303,6;;
18/09/2019;441,98;23/09/2019;10117;07/03/2019;1308,46;;
19/09/2019;444,4;24/09/2019;8641,15;08/03/2019;1306,84;;
20/09/2019;433,42;25/09/2019;8548,74;09/03/2019;1320,34;;
23/09/2019;416,64;26/09/2019;8324,16;10/03/2019;1308,71;;
24/09/2019;344,23;27/09/2019;8232,88;11/03/2019;1287,41;;
25/09/2019;345,87;30/09/2019;8560,76;12/03/2019;1293,04;;
26/09/2019;336,24;01/10/2019;8559,99;13/03/2019;1294,62;;
27/09/2019;337,35;02/10/2019;8536,27;14/03/2019;1293,85;;
30/09/2019;352,4;03/10/2019;8402,88;15/03/2019;1318,77;;
01/10/2019;350,08;04/10/2019;8498,86;16/03/2019;1349,62;;
02/10/2019;352,49;07/10/2019;8593,12;17/03/2019;1346,6;;
03/10/2019;345,62;08/10/2019;8524,54;18/03/2019;1340,22;;
04/10/2019;354,36;09/10/2019;8968,77;19/03/2019;1343,46;;
07/10/2019;365,29;10/10/2019;8918,47;20/03/2019;1351,01;;
08/10/2019;361,56;11/10/2019;8659,83;21/03/2019;1318,5;;
09/10/2019;378,47;14/10/2019;8721,54;22/03/2019;1328,52;;
10/10/2019;374,34;15/10/2019;8533,04;23/03/2019;1338,75;;
11/10/2019;362,08;16/10/2019;8300,39;24/03/2019;1327,05;;
14/10/2019;372,79;17/10/2019;8449,62;25/03/2019;1310,55;;
15/10/2019;362,2;18/10/2019;8334,07;26/03/2019;1298,85;;
16/10/2019;352,69;21/10/2019;8546,35;27/03/2019;1340,39;;
17/10/2019;362,22;22/10/2019;8519,55;28/03/2019;1339,93;;
18/10/2019;356,78;23/10/2019;7815,76;29/03/2019;1355,72;;
21/10/2019;361,56;24/10/2019;7859,7;30/03/2019;1360,37;;
22/10/2019;360,14;25/10/2019;8977,03;31/03/2019;1363,88;;
23/10/2019;330,67;28/10/2019;9638,47;01/04/2019;1368,44;;
24/10/2019;337,23;29/10/2019;9538,43;02/04/2019;1539,57;;
25/10/2019;377,15;30/10/2019;9477,37;03/04/2019;1659,19;;
28/10/2019;391,55;31/10/2019;9489,5;04/04/2019;1621,2;;
29/10/2019;399,36;01/11/2019;9431,19;05/04/2019;1653,14;;
30/10/2019;390,61;04/11/2019;9737,61;06/04/2019;1667,63;;
31/10/2019;389,63;05/11/2019;9693,79;07/04/2019;1693,25;;
01/11/2019;387,19;06/11/2019;9637,4;08/04/2019;1719,37;;
04/11/2019;399,53;07/11/2019;9489,43;09/04/2019;1698,82;;
05/11/2019;403,26;08/11/2019;9132,09;10/04/2019;1725,24;;
06/11/2019;402,71;11/11/2019;9088,19;11/04/2019;1607,76;;
07/11/2019;392,74;12/11/2019;9144,07;12/04/2019;1617,08;;
08/11/2019;381,77;13/11/2019;9107,01;13/04/2019;1625,75;;
11/11/2019;382,14;14/11/2019;8992,27;14/04/2019;1615,36;;
12/11/2019;382,76;15/11/2019;8789,52;15/04/2019;1645,02;;
13/11/2019;382,4;18/11/2019;8524,54;16/04/2019;1608,55;;
14/11/2019;375,95;19/11/2019;8400,68;17/04/2019;1658,57;;
15/11/2019;365,46;20/11/2019;8386,21;18/04/2019;1676,92;;
18/11/2019;356,93;21/11/2019;7851,76;19/04/2019;1667,5;;
19/11/2019;349,84;22/11/2019;7582,73;20/04/2019;1677,8;;
20/11/2019;350,17;25/11/2019;7379,33;21/04/2019;1644,13;;
21/11/2019;326,88;26/11/2019;7341,85;22/04/2019;1666,49;;
22/11/2019;313,65;27/11/2019;7773,09;23/04/2019;1718,62;;
25/11/2019;302,14;28/11/2019;7780,07;24/04/2019;1639,43;;
26/11/2019;303,8;29/11/2019;7940,58;25/04/2019;1646,13;;
27/11/2019;316,44;02/12/2019;7499,19;26/04/2019;1575,48;;
29/11/2019;321,7;03/12/2019;7505,71;27/04/2019;1577,13;;
02/12/2019;306,23;04/12/2019;7392,17;28/04/2019;1584,96;;
03/12/2019;305,57;05/12/2019;7573,79;29/04/2019;1554,62;;
04/12/2019;302,82;06/12/2019;7620,09;30/04/2019;1617,89;;
05/12/2019;308,28;09/12/2019;7499,4;01/05/2019;1618,04;;
06/12/2019;309,21;10/12/2019;7395,28;02/05/2019;1640,1;;
09/12/2019;304,78;11/12/2019;7361,25;03/05/2019;1719,45;;
10/12/2019;300,76;12/12/2019;7442,78;04/05/2019;1662,88;;
11/12/2019;298,78;13/12/2019;7452,65;05/05/2019;1689,97;;
12/12/2019;302,22;17/12/2019;6639,6;06/05/2019;1691,58;;
13/12/2019;301,88;18/12/2019;7179,27;07/05/2019;1720,21;;
16/12/2019;280,03;19/12/2019;7164,89;08/05/2019;1713,23;;
17/12/2019;258,68;20/12/2019;7238,18;09/05/2019;1726,69;;
18/12/2019;279,76;23/12/2019;7396,56;10/05/2019;1767,06;;
19/12/2019;275,6;24/12/2019;7230,66;11/05/2019;1931,63;;
20/12/2019;279,09;25/12/2019;7234,05;12/05/2019;1928,98;;
23/12/2019;281,12;26/12/2019;7253,2;13/05/2019;2053,9;;
24/12/2019;278,11;27/12/2019;7223,9;14/05/2019;2292,29;;
26/12/2019;277,62;30/12/2019;7295,99;15/05/2019;2315,22;;
27/12/2019;277,45;31/12/2019;7184,06;16/05/2019;2377,46;;
30/12/2019;284,44;01/01/2020;7274,26;17/05/2019;2126,77;;
31/12/2019;279,03;02/01/2020;6978,62;18/05/2019;2171,11;;
02/01/2020;272,71;03/01/2020;7364,49;19/05/2019;2342,59;;
03/01/2020;287,69;06/01/2020;7693,29;20/05/2019;2283,88;;
06/01/2020;309,73;07/01/2020;8204,93;21/05/2019;2327,41;;
07/01/2020;318,22;08/01/2020;8037,81;22/05/2019;2305,62;;
08/01/2020;307;09/01/2020;7843,62;23/05/2019;2238,9;;
09/01/2020;301,86;10/01/2020;8125,34;24/05/2019;2351,82;;
10/01/2020;316,85;13/01/2020;8214,1;25/05/2019;2341,97;;
13/01/2020;322,1;14/01/2020;8881,87;26/05/2019;2318,15;;
14/01/2020;359,4;15/01/2020;9008,02;27/05/2019;2531,13;;
15/01/2020;366,24;16/01/2020;8935,51;28/05/2019;2533;;
16/01/2020;361,5;17/01/2020;9121,54;29/05/2019;2576,58;;
17/01/2020;374,1;20/01/2020;8909,9;30/05/2019;2623,84;;
21/01/2020;367,53;21/01/2020;8953,18;31/05/2019;2475,11;;
22/01/2020;364,71;22/01/2020;8910,09;01/06/2019;2487,23;;
23/01/2020;349,44;23/01/2020;8567,99;02/06/2019;2552,1;;
24/01/2020;352,27;24/01/2020;8688,09;03/06/2019;2474,12;;
27/01/2020;375,62;27/01/2020;9218,38;04/06/2019;2346,23;;
28/01/2020;378,67;28/01/2020;9289,61;05/06/2019;2266,28;;
29/01/2020;387,26;29/01/2020;9595,85;06/06/2019;2274,84;;
30/01/2020;402,94;30/01/2020;9845,97;07/06/2019;2371,11;;
31/01/2020;391,36;31/01/2020;9575,81;08/06/2019;2357,56;;
03/02/2020;404,01;03/02/2020;9692,42;09/06/2019;2302,35;;
04/02/2020;403,47;04/02/2020;9580,49;10/06/2019;2343,02;;
05/02/2020;432,66;05/02/2020;10161,34;11/06/2019;2299,12;;
06/02/2020;442,91;06/02/2020;10301,96;12/06/2019;2368,45;;
07/02/2020;444,79;07/02/2020;10285,48;13/06/2019;2412,04;;
10/02/2020;450,89;10/02/2020;10432,94;14/06/2019;2433,61;;
11/02/2020;473,88;11/02/2020;10912,67;15/06/2019;2516,54;;
12/02/2020;509,08;12/02/2020;11262,36;16/06/2019;2626,49;;
13/02/2020;503,4;02/04/2020;6955,06;17/06/2019;2675,41;;
14/02/2020;525,32;06/04/2020;7536,99;18/06/2019;2608,8;;
18/02/2020;501,86;07/04/2020;7577,53;19/06/2019;2592,36;;
19/02/2020;486,5;08/04/2020;7621,09;20/06/2019;2633,38;;
20/02/2020;452,1;09/04/2020;7569,8;21/06/2019;2751,8;;
21/02/2020;463,29;10/04/2020;7172,64;22/06/2019;3001,55;;
24/02/2020;458,16;13/04/2020;7031,72;23/06/2019;2988,45;;
25/02/2020;438,81;14/04/2020;7177,52;24/06/2019;3000,11;;
26/02/2020;404,72;15/04/2020;6990,15;25/06/2019;3040,6;;
27/02/2020;411,96;16/04/2020;7380,99;26/06/2019;3346,38;;
28/02/2020;398,44;17/04/2020;7365,99;27/06/2019;3061,39;;
02/03/2020;412,88;20/04/2020;7058,17;28/06/2019;2995,61;;
03/03/2020;400,25;21/04/2020;7193,59;29/06/2019;3043,48;;
04/03/2020;397,55;22/04/2020;7435,86;30/06/2019;2905,52;;
05/03/2020;416,53;23/04/2020;7859,63;01/07/2019;2710,95;;
06/03/2020;422,25;24/04/2020;7872,06;02/07/2019;2780,24;;
09/03/2020;349,91;27/04/2020;8047,78;03/07/2019;2918,4;;
10/03/2020;357,58;28/04/2020;8108,89;04/07/2019;2985,67;;
11/03/2020;346,73;29/04/2020;9091,29;05/07/2019;2882,87;;
12/03/2020;257,88;30/04/2020;9113,71;06/07/2019;2943,13;;
13/03/2020;241,61;01/05/2020;9004,94;07/07/2019;2898,83;;
16/03/2020;217,82;04/05/2020;9065,77;08/07/2019;3014,16;;
17/03/2020;233,11;05/05/2020;9122,55;09/07/2019;3060,63;;
18/03/2020;231,4;06/05/2020;9398,37;10/07/2019;3026,97;;
19/03/2020;266,69;07/05/2020;9941,92;11/07/2019;2794,32;;
20/03/2020;256,83;08/05/2020;10027,81;12/07/2019;2795,68;;
23/03/2020;264,25;11/05/2020;8816,72;13/07/2019;2725,47;;
24/03/2020;278,82;12/05/2020;8883,04;14/07/2019;2524,48;;
25/03/2020;271,41;13/05/2020;9225,68;15/07/2019;2510,79;;
26/03/2020;274,68;14/05/2020;9664,87;16/07/2019;2443,47;;
27/03/2020;280,48;15/05/2020;9336,39;17/07/2019;2347,94;;
30/03/2020;271,39;18/05/2020;9757,05;18/07/2019;2470,25;;
31/03/2020;274,86;19/05/2020;9702,55;19/07/2019;2449,81;;
01/04/2020;265,12;20/05/2020;9599,14;20/07/2019;2538,79;;
02/04/2020;283,87;21/05/2020;9126,61;21/07/2019;2488,92;;
03/04/2020;287,36;22/05/2020;9297,71;22/07/2019;2432,11;;
06/04/2020;317,25;25/05/2020;9068,83;23/07/2019;2379,87;;
07/04/2020;317,16;26/05/2020;8913,21;24/07/2019;2381,88;;
08/04/2020;326,04;27/05/2020;9259,41;25/07/2019;2410,46;;
09/04/2020;321,22;28/05/2020;9549,91;26/07/2019;2376,74;;
13/04/2020;296,88;29/05/2020;9537,54;27/07/2019;2288,69;;
14/04/2020;301,4;01/06/2020;9813,51;28/07/2019;2303,73;;
15/04/2020;295,92;02/06/2020;9756,31;29/07/2019;2308,25;;
16/04/2020;312,11;03/06/2020;9850,4;30/07/2019;2336,32;;
17/04/2020;313,71;04/06/2020;10051,17;31/07/2019;2416,09;;
20/04/2020;301,74;05/06/2020;9983,43;01/08/2019;2401,18;;
21/04/2020;306,62;08/06/2020;9945,07;02/08/2019;2495,27;;
22/04/2020;319,5;09/06/2020;9973,26;03/08/2019;2526,88;;
23/04/2020;334,19;10/06/2020;10087,57;04/08/2019;2523,67;;
24/04/2020;333,72;11/06/2020;9482,74;05/08/2019;2684,53;;
27/04/2020;338,82;12/06/2020;9641,83;06/08/2019;2647,72;;
28/04/2020;345,54;15/06/2020;9596,96;07/08/2019;2682,45;;
29/04/2020;381,34;16/06/2020;9673,3;08/08/2019;2601,48;;
30/04/2020;373,41;17/06/2020;9482,21;09/08/2019;2563,43;;
01/05/2020;370,53;18/06/2020;9571,82;10/08/2019;2492,33;;
04/05/2020;369,17;19/06/2020;9478,35;11/08/2019;2524,07;;
05/05/2020;369,33;22/06/2020;9769,6;12/08/2019;2530,19;;
06/05/2020;373,29;23/06/2020;9859,87;13/08/2019;2455,12;;
07/05/2020;389,86;24/06/2020;9492,07;14/08/2019;2388,1;;
08/05/2020;390,75;25/06/2020;9479,87;15/08/2019;2220,11;;
11/05/2020;343,05;26/06/2020;9364,51;16/08/2019;2223,56;;
12/05/2020;348;29/06/2020;9306,44;17/08/2019;2263,62;;
13/05/2020;360,56;30/06/2020;9288,77;18/08/2019;2321,93;;
14/05/2020;371,56;01/07/2020;9416,85;19/08/2019;2389,83;;
15/05/2020;359,29;02/07/2020;9226,77;20/08/2019;2337,08;;
18/05/2020;378,01;03/07/2020;9279,11;21/08/2019;2212,22;;
19/05/2020;376,18;06/07/2020;9540,12;22/08/2019;2253,11;;
20/05/2020;371,46;07/07/2020;9522,35;23/08/2019;2318,96;;
21/05/2020;353,52;08/07/2020;9818,42;24/08/2019;2229,19;;
22/05/2020;364,18;09/07/2020;9576,96;25/08/2019;2242,51;;
26/05/2020;351,71;10/07/2020;9584,43;26/08/2019;2277,59;;
27/05/2020;362,78;13/07/2020;9596,01;27/08/2019;2253,48;;
28/05/2020;372,39;14/07/2020;9674,6;28/08/2019;2256,08;;
29/05/2020;374,02;15/07/2020;9567,9;29/08/2019;2056,29;;
01/06/2020;391,35;16/07/2020;9482,49;30/08/2019;2105,7;;
02/06/2020;387,49;17/07/2020;9538,54;31/08/2019;2103,5;;
03/06/2020;392,48;20/07/2020;9509,45;01/09/2019;2107,7;;
04/06/2020;396,21;21/07/2020;9741,21;02/09/2019;2156,68;;
05/06/2020;397,92;22/07/2020;9765,97;03/09/2019;2273,49;;
08/06/2020;395,33;23/07/2020;10123,39;04/09/2019;2221,77;;
09/06/2020;395,17;24/07/2020;10131,24;05/09/2019;2220,11;;
10/06/2020;401,51;27/07/2020;11361,77;06/09/2019;2276,55;;
11/06/2020;372,88;28/07/2020;11566,78;07/09/2019;2222,07;;
12/06/2020;381,97;29/07/2020;11763,69;08/09/2019;2261,72;;
15/06/2020;377,68;30/07/2020;11773,5;09/09/2019;2245,33;;
16/06/2020;379,34;31/07/2020;11998,92;10/09/2019;2222,61;;
17/06/2020;373,91;03/08/2020;12441,84;11/09/2019;2178,11;;
18/06/2020;375,8;04/08/2020;12227,44;12/09/2019;2224,76;;
19/06/2020;371,48;05/08/2020;12652,13;13/09/2019;2209,05;;
22/06/2020;385,68;06/08/2020;12853,24;14/09/2019;2255,77;;
23/06/2020;387,2;07/08/2020;12377,22;15/09/2019;2247,7;;
24/06/2020;372,37;10/08/2020;12867,49;16/09/2019;2239,68;;
25/06/2020;372,07;11/08/2020;12350,2;17/09/2019;2317,04;;
26/06/2020;369,44;12/08/2020;12554,83;18/09/2019;2413,6;;
29/06/2020;362,38;13/08/2020;12573,16;19/09/2019;2316,96;;
30/06/2020;360,26;14/08/2020;13085,82;20/09/2019;2369,66;;
01/07/2020;365,64;17/08/2020;13634,53;21/09/2019;2343,52;;
02/07/2020;357,44;18/08/2020;13189,47;22/09/2019;2309,06;;
06/07/2020;378,07;19/08/2020;12676,66;23/09/2019;2288,95;;
07/07/2020;374,52;20/08/2020;12969,5;24/09/2019;2153,16;;
08/07/2020;393,4;21/08/2020;12680,13;25/09/2019;1905,41;;
09/07/2020;382,93;24/08/2020;12791,02;26/09/2019;1874,98;;
10/07/2020;383,44;25/08/2020;12233,02;27/09/2019;1840,56;;
13/07/2020;379,26;26/08/2020;12427,89;28/09/2019;1876,08;;
14/07/2020;383,36;27/08/2020;12121,26;29/09/2019;1846,15;;
15/07/2020;378,43;28/08/2020;12467,07;30/09/2019;1943,04;;
16/07/2020;371,37;31/08/2020;12904,84;01/10/2019;1949,45;;
17/07/2020;373,64;01/09/2020;13298,72;02/10/2019;1930,07;;
20/07/2020;375,1;02/09/2020;12556,09;03/10/2019;1888,91;;
21/07/2020;386,22;03/09/2020;11731,62;04/10/2019;1930,84;;
22/07/2020;387,59;04/09/2020;11551,43;05/10/2019;1902,93;;
23/07/2020;408,58;07/09/2020;10907,81;06/10/2019;1893,06;;
24/07/2020;411,23;08/09/2020;10703,47;07/10/2019;1969,61;;
27/07/2020;462,37;09/09/2020;11090,39;08/10/2019;1970,34;;
28/07/2020;473,56;10/09/2020;11117,63;09/10/2019;2049,08;;
29/07/2020;482,2;11/09/2020;11186,04;10/10/2019;2035,4;;
30/07/2020;491,15;14/09/2020;11488,14;11/10/2019;1984,14;;
31/07/2020;502,5;15/09/2020;11512,66;12/10/2019;2000,72;;
03/08/2020;551,07;16/09/2020;11656,46;13/10/2019;2013,77;;
04/08/2020;535,68;17/09/2020;11746,22;14/10/2019;2007,12;;
05/08/2020;550,12;18/09/2020;11627,64;15/10/2019;2006,57;;
06/08/2020;558,07;21/09/2020;11066,2;16/10/2019;1931,1;;
07/08/2020;531,25;22/09/2020;11065,77;17/10/2019;1982,05;;
10/08/2020;549,37;23/09/2020;10782,78;18/10/2019;1935,7;;
11/08/2020;524,14;24/09/2020;11213,42;19/10/2019;1962,09;;
12/08/2020;530,64;25/09/2020;11370,42;20/10/2019;1957,08;;
13/08/2020;531,59;28/09/2020;11543,78;21/10/2019;2003,34;;
14/08/2020;572,61;30/09/2020;11352,72;22/10/2019;1985,98;;
17/08/2020;597,06;01/10/2020;11261,56;23/10/2019;1817,2;;
18/08/2020;576,95;05/10/2020;11356,91;24/10/2019;1839,73;;
19/08/2020;541,56;06/10/2020;11162,11;25/10/2019;1886,29;;
20/08/2020;558,61;07/10/2020;11237,02;26/10/2019;2114,87;;
21/08/2020;544,16;08/10/2020;11498,48;27/10/2019;2171,2;;
24/08/2020;548,88;09/10/2020;11694,53;28/10/2019;2174,02;;
25/08/2020;520,37;12/10/2020;12269,24;29/10/2019;2185,75;;
26/08/2020;528,63;13/10/2020;12093,02;30/10/2019;2132,56;;
27/08/2020;510,73;14/10/2020;12021,71;31/10/2019;2145,22;;
28/08/2020;528,59;15/10/2020;12180,9;01/11/2019;2120,99;;
31/08/2020;558,82;16/10/2020;11920,93;02/11/2019;2145,31;;
01/09/2020;587,66;19/10/2020;12314,48;03/11/2019;2135,64;;
02/09/2020;545,71;20/10/2020;12403,23;04/11/2019;2155,95;;
03/09/2020;511,73;22/10/2020;13673,84;05/11/2019;2183,19;;
04/09/2020;500,21;23/10/2020;13492,24;06/11/2019;2206,15;;
08/09/2020;453,12;26/10/2020;13452,36;07/11/2019;2145,57;;
09/09/2020;471,52;27/10/2020;14067,14;08/11/2019;2068,5;;
10/09/2020;475,58;28/10/2020;13536,92;09/11/2019;2073,21;;
11/09/2020;479,3;29/10/2020;13798,27;10/11/2019;2085,92;;
14/09/2020;489,05;30/10/2020;13781,36;11/11/2019;2060,96;;
15/09/2020;485,8;02/11/2020;13885,78;12/11/2019;2053,09;;
16/09/2020;489,09;03/11/2020;13890,5;13/11/2019;2065,41;;
17/09/2020;505,09;04/11/2020;14217,83;14/11/2019;2051,31;;
18/09/2020;495,1;05/11/2020;15157,85;15/11/2019;1986;;
21/09/2020;463,6;06/11/2020;15666,8;16/11/2019;1998,03;;
22/09/2020;463,08;09/11/2020;15592,07;17/11/2019;2013,36;;
23/09/2020;449,58;10/11/2020;15549,24;18/11/2019;1975,34;;
24/09/2020;467,61;11/11/2020;15978,13;19/11/2019;1900,66;;
25/09/2020;477,3;12/11/2020;16259,4;20/11/2019;1912,6;;
28/09/2020;484,91;13/11/2020;16416,91;21/11/2019;1792,98;;
29/09/2020;478,52;16/11/2020;16920,54;22/11/2019;1677,43;;
30/09/2020;476,66;17/11/2020;17753,75;23/11/2019;1714,83;;
01/10/2020;471,38;18/11/2020;17623,77;24/11/2019;1651,74;;
02/10/2020;463,65;19/11/2020;18026,97;25/11/2019;1684,79;;
05/10/2020;476,51;20/11/2020;18726,37;26/11/2019;1645,02;;
06/10/2020;467,39;23/11/2020;19529,01;27/11/2019;1697,01;;
07/10/2020;470;24/11/2020;20578,21;28/11/2019;1747,44;;
08/10/2020;481,58;25/11/2020;20555,19;29/11/2019;1785,62;;
09/10/2020;491,49;26/11/2020;18117,54;30/11/2019;1727,05;;
12/10/2020;515,58;27/11/2020;18042,78;01/12/2019;1683,53;;
13/10/2020;507,81;30/11/2020;20644,19;02/12/2019;1668,58;;
14/10/2020;503,87;01/12/2020;20195,81;03/12/2019;1683,02;;
15/10/2020;510,46;02/12/2020;20243,32;04/12/2019;1700,58;;
16/10/2020;494,33;03/12/2020;20560,46;05/12/2019;1668,35;;
19/10/2020;510,5;04/12/2020;19968,66;06/12/2019;1686,96;;
20/10/2020;506,23;07/12/2020;20068,05;07/12/2019;1711,9;;
21/10/2020;538,94;08/12/2020;19572,8;08/12/2019;1731,26;;
22/10/2020;563,97;09/12/2020;19321,81;09/12/2019;1698,11;;
23/10/2020;554,2;10/12/2020;19297,92;10/12/2019;1657,43;;
26/10/2020;545,11;11/12/2020;18867,47;11/12/2019;1645,54;;
27/10/2020;565,43;14/12/2020;19961,47;12/12/2019;1647,54;;
28/10/2020;544,52;15/12/2020;20204,2;13/12/2019;1660,14;;
29/10/2020;551,49;16/12/2020;21532,75;14/12/2019;1620,62;;
30/10/2020;546,34;18/12/2020;23351,72;15/12/2019;1633,6;;
02/11/2020;548,9;21/12/2020;23061,66;16/12/2019;1615,92;;
03/11/2020;547,19;23/12/2020;22991,77;17/12/2019;1497,58;;
04/11/2020;562,29;24/12/2020;23056,25;18/12/2019;1505,75;;
05/11/2020;591;25/12/2020;23939,67;19/12/2019;1542,32;;
06/11/2020;618,31;28/12/2020;26482,13;20/12/2019;1548,93;;
09/11/2020;617,48;29/12/2020;26536,79;21/12/2019;1547,58;;
10/11/2020;618,38;31/12/2020;28364,86;22/12/2019;1560,69;;
11/11/2020;633,79;01/01/2021;28381,64;23/12/2019;1625,22;;
12/11/2020;636,18;04/01/2021;31632,88;24/12/2019;1560,77;;
13/11/2020;650,1;05/01/2021;34414,41;25/12/2019;1537,15;;
16/11/2020;662,52;06/01/2021;36851,82;26/12/2019;1549,11;;
17/11/2020;690,75;07/01/2021;39480,22;27/12/2019;1554,82;;
18/11/2020;681,55;08/01/2021;38782,52;28/12/2019;1577,28;;
19/11/2020;695,41;11/01/2021;33389,87;29/12/2019;1604,07;;
20/11/2020;730,41;12/01/2021;34588,09;30/12/2019;1577,08;;
23/11/2020;841,62;13/01/2021;36402,17;31/12/2019;1565,45;;
24/11/2020;902,8;14/01/2021;39411,04;01/01/2020;1579,99;;
25/11/2020;862,55;15/01/2021;36062,92;02/01/2020;1554,97;;
27/11/2020;760,96;18/01/2021;37147,74;03/01/2020;1591,07;;
30/11/2020;887,3;19/01/2021;38260,82;04/01/2020;1594,83;;
01/12/2020;864,53;20/01/2021;36701,5;05/01/2020;1631,15;;
02/12/2020;866,46;21/01/2021;33404,43;06/01/2020;1677,16;;
03/12/2020;880,82;22/01/2021;35085,16;07/01/2020;1694,07;;
04/12/2020;845,97;25/01/2021;35592,33;08/01/2020;1767,57;;
07/12/2020;852,96;26/01/2021;34221,18;09/01/2020;1699;;
08/12/2020;826,93;27/01/2021;33591,92;10/01/2020;1750,2;;
09/12/2020;826,59;28/01/2021;34703,02;11/01/2020;1764,09;;
10/12/2020;820,58;29/01/2021;36386;12/01/2020;1781,16;;
11/12/2020;801,14;01/02/2021;35793,07;13/01/2020;1756,91;;
14/12/2020;829,68;02/02/2021;38431,55;14/01/2020;1923,24;;
15/12/2020;837,32;03/02/2021;40097,12;15/01/2020;1952,62;;
16/12/2020;890,72;04/02/2021;40697,95;16/01/2020;1934,2;;
17/12/2020;954,11;05/02/2021;41233,63;17/01/2020;1987,91;;
18/12/2020;962,55;08/02/2021;46423,2;18/01/2020;2030,5;;
21/12/2020;926,14;09/02/2021;49135,2;19/01/2020;1944,57;;
22/12/2020;933,52;10/02/2021;46803,84;20/01/2020;1959,23;;
23/12/2020;875,01;11/02/2021;49247,87;21/01/2020;1964,1;;
24/12/2020;875,87;12/02/2021;50401,63;22/01/2020;1961,87;;
28/12/2020;1022,95;15/02/2021;51231,01;23/01/2020;1896,78;;
29/12/2020;1008,64;16/02/2021;50830,15;24/01/2020;1902,8;;
30/12/2020;1047,46;17/02/2021;54144,39;25/01/2020;1864,76;;
31/12/2020;1051,1;18/02/2021;54593,42;26/01/2020;1899,93;;
04/01/2021;1281,61;19/02/2021;57289,9;27/01/2020;1986,86;;
05/01/2021;1368,3;22/02/2021;54985,91;28/01/2020;2020,86;;
06/01/2021;1472,13;23/02/2021;48335,06;29/01/2020;2061,35;;
07/01/2021;1560,18;24/02/2021;49995,9;30/01/2020;2096,18;;
08/01/2021;1484,25;25/02/2021;49882,39;31/01/2020;2095,38;;
11/01/2021;1294,72;26/02/2021;46679,8;01/02/2020;2102,78;;
12/01/2021;1354,97;01/03/2021;49047,01;02/02/2020;2179,3;;
13/01/2021;1414,71;02/03/2021;48001,2;03/02/2020;2123,64;;
14/01/2021;1528,38;03/03/2021;51100,08;04/02/2020;2151,63;;
15/01/2021;1414,37;04/03/2021;48899,73;05/02/2020;2248,41;;
19/01/2021;1599,43;05/03/2021;49700,64;06/02/2020;2320,79;;
20/01/2021;1515,03;08/03/2021;53126,83;07/02/2020;2339,56;;
21/01/2021;1386,97;09/03/2021;55610,93;08/02/2020;2353,47;;
22/01/2021;1439,27;10/03/2021;56901,09;09/02/2020;2394,51;;
25/01/2021;1486,3;11/03/2021;57896,06;10/02/2020;2351,48;;
26/01/2021;1454,29;12/03/2021;56901,14;11/02/2020;2410,59;;
27/01/2021;1399,31;15/03/2021;57027,38;12/02/2020;2520,86;;
28/01/2021;1457,22;16/03/2021;56299,65;13/02/2020;2610,81;;
29/01/2021;1497,2;17/03/2021;58327,4;14/02/2020;2623,14;;
01/02/2021;1476,95;18/03/2021;57514,99;15/02/2020;2566,52;;
02/02/2021;1616,69;19/03/2021;59156,98;16/02/2020;2459,3;;
03/02/2021;1703,79;22/03/2021;56018,09;17/02/2020;2395,6;;
04/02/2021;1710,51;23/03/2021;55289,81;18/02/2020;2473,97;;
05/02/2021;1750,62;25/03/2021;52311,03;19/02/2020;2538,9;;
08/02/2021;1889,03;26/03/2021;54050,67;20/02/2020;2348,99;;
09/02/2021;1996,96;29/03/2021;57941,06;21/02/2020;2406,44;;
10/02/2021;1919,18;30/03/2021;59327,98;22/02/2020;2381,71;;
11/02/2021;2018,72;31/03/2021;59102,71;23/02/2020;2454,7;;
12/02/2021;2083,58;01/04/2021;59910,87;24/02/2020;2407,37;;
16/02/2021;2103,31;02/04/2021;60332,75;25/02/2020;2296,73;;
17/02/2021;2235,34;05/04/2021;60816,6;26/02/2020;2129,72;;
18/02/2021;2279,46;06/04/2021;60447,69;27/02/2020;2135,69;;
19/02/2021;2371,62;07/04/2021;57776,72;28/02/2020;2100,59;;
22/02/2021;2195,99;08/04/2021;59518,37;29/02/2020;2080,77;;
23/02/2021;1894,93;09/04/2021;60167,59;01/03/2020;2054,98;;
24/02/2021;1949,57;12/04/2021;62114,5;02/03/2020;2120,25;;
25/02/2021;1962,92;13/04/2021;65533,33;03/03/2020;2097,04;;
26/02/2021;1825,2;14/04/2021;65016,41;04/03/2020;2076,84;;
01/03/2021;1898,61;15/04/2021;67116,9;05/03/2020;2166,83;;
02/03/2021;1864,33;16/04/2021;65751,1;06/03/2020;2165,57;;
03/03/2021;1986,79;19/04/2021;59364,6;07/03/2020;2209,32;;
04/03/2021;1907,63;20/04/2021;60583,48;08/03/2020;1993,13;;
05/03/2021;1934,89;21/04/2021;60234,61;09/03/2020;1822,24;;
08/03/2021;2103,19;22/04/2021;58581,18;10/03/2020;1837,19;;
09/03/2021;2192,45;23/04/2021;55851,64;11/03/2020;1824,51;;
10/03/2021;2192,2;26/04/2021;59166,18;12/03/2020;1412,82;;
11/03/2021;2249,72;27/04/2021;60547,62;13/03/2020;1232,13;;
12/03/2021;2194,68;28/04/2021;61714,03;14/03/2020;1255,78;;
15/03/2021;2203,97;30/04/2021;63351,02;15/03/2020;1256,79;;
16/03/2021;2195,34;05/05/2021;67755,93;16/03/2020;1202,49;;
17/03/2021;2255,8;06/05/2021;67153,04;17/03/2020;1178,83;;
18/03/2021;2212,2;07/05/2021;68350,46;18/03/2020;1190,18;;
19/03/2021;2274,21;10/05/2021;69091,17;19/03/2020;1288,46;;
22/03/2021;2160,85;11/05/2021;70614,32;20/03/2020;1503,29;;
23/03/2021;2117,05;12/05/2021;68822,91;21/03/2020;1410,64;;
24/03/2021;2066,88;13/05/2021;61140,56;22/03/2020;1372,84;;
25/03/2021;2001,08;14/05/2021;64887,04;23/03/2020;1398,33;;
26/03/2021;2078,74;17/05/2021;56247,7;24/03/2020;1470,38;;
29/03/2021;2225;18/05/2021;55822,16;25/03/2020;1470,2;;
30/03/2021;2267,62;19/05/2021;47495,27;26/03/2020;1472,02;;
31/03/2021;2294,8;20/05/2021;49175,91;27/03/2020;1497,88;;
01/04/2021;2364,6;21/05/2021;43064,46;28/03/2020;1416,61;;
05/04/2021;2483,32;24/05/2021;47535,97;29/03/2020;1415,86;;
06/04/2021;2504,24;25/05/2021;44867,9;30/03/2020;1444,42;;
07/04/2021;2364,49;26/05/2021;47267,2;31/03/2020;1470,06;;
08/04/2021;2444,7;27/05/2021;47711,06;01/04/2020;1434,89;;
09/04/2021;2470,97;28/05/2021;43742,07;02/04/2020;1530,18;;
12/04/2021;2563,06;31/05/2021;45246,53;03/04/2020;1539,26;;
13/04/2021;2747,48;01/06/2021;44056,61;04/04/2020;1529,72;;
14/04/2021;2752,58;;;05/04/2020;1541,05;;
15/04/2021;2903,2;;;06/04/2020;1627,67;;
16/04/2021;2934,01;;;07/04/2020;1701,69;;
19/04/2021;2621,96;;;08/04/2020;1684,62;;
20/04/2021;2723,35;;;09/04/2020;1719,26;;
21/04/2021;2749,78;;;10/04/2020;1594,03;;
22/04/2021;2728,76;;;13/04/2020;1557,16;;
23/04/2021;2569,75;;;14/04/2020;1601,18;;
26/04/2021;2693,65;;;15/04/2020;1566,48;;
27/04/2021;2806,84;;;16/04/2020;1648,98;;
28/04/2021;2892,96;;;17/04/2020;1645,42;;
29/04/2021;2790,49;;;20/04/2020;1658,85;;
30/04/2021;2952,77;;;21/04/2020;1609,36;;
03/05/2021;3220,26;;;22/04/2020;1678,38;;
04/05/2021;3219,96;;;23/04/2020;1743;;
05/05/2021;3431,91;;;24/04/2020;1751,65;;
06/05/2021;3448,62;;;27/04/2020;1786,59;;
07/05/2021;3504,71;;;28/04/2020;1810,11;;
10/05/2021;3543,41;;;29/04/2020;1957,87;;
11/05/2021;3765,28;;;30/04/2020;2007,31;;
12/05/2021;3710,65;;;01/05/2020;2008,67;;
13/05/2021;3266,33;;;04/05/2020;1978,31;;
14/05/2021;3539,7;;;05/05/2020;1990,2;;
17/05/2021;3006,45;;;06/05/2020;2046,26;;
18/05/2021;2997,86;;;07/05/2020;2124,85;;
19/05/2021;2422,41;;;08/05/2020;2153,32;;
20/05/2021;2508,65;;;11/05/2020;1906,22;;
21/05/2021;2134,73;;;12/05/2020;1926,76;;
24/05/2021;2358,53;;;13/05/2020;1962,14;;
25/05/2021;2252,52;;;14/05/2020;2032,77;;
26/05/2021;2402,31;;;15/05/2020;1987,3;;
27/05/2021;2433,1;;;18/05/2020;2082,83;;
28/05/2021;2238,99;;;19/05/2020;2078,76;;
01/06/2021;2242,99;;;20/05/2020;2092,55;;
;;;;21/05/2020;1950,46;;
;;;;22/05/2020;1978,58;;
;;;;25/05/2020;1918,27;;
;;;;26/05/2020;1928,66;;
;;;;27/05/2020;1982,26;;
;;;;28/05/2020;2036,26;;
;;;;29/05/2020;2040,16;;
;;;;01/06/2020;2146,32;;
;;;;02/06/2020;2110,64;;
;;;;03/06/2020;2128,89;;
;;;;04/06/2020;2151,11;;
;;;;05/06/2020;2144,77;;
;;;;08/06/2020;2142,36;;
;;;;09/06/2020;2153,69;;
;;;;10/06/2020;2178,83;;
;;;;11/06/2020;2049,88;;
;;;;12/06/2020;2084,29;;
;;;;15/06/2020;2069,7;;
;;;;16/06/2020;2077,55;;
;;;;17/06/2020;2062,84;;
;;;;18/06/2020;2040,34;;
;;;;19/06/2020;2029,1;;
;;;;22/06/2020;2116,94;;
;;;;23/06/2020;2106,87;;
;;;;24/06/2020;2025,12;;
;;;;25/06/2020;2031,14;;
;;;;26/06/2020;2012,33;;
;;;;29/06/2020;1994,39;;
;;;;30/06/2020;1978,05;;
;;;;01/07/2020;2002,04;;
;;;;02/07/2020;1968,62;;
;;;;03/07/2020;1974,46;;
;;;;06/07/2020;2048,4;;
;;;;07/07/2020;2033,67;;
;;;;08/07/2020;2116,05;;
;;;;09/07/2020;2075,89;;
;;;;10/07/2020;2060,71;;
;;;;13/07/2020;2065,09;;
;;;;14/07/2020;2065,57;;
;;;;15/07/2020;2053,77;;
;;;;16/07/2020;2016,57;;
;;;;17/07/2020;2023,67;;
;;;;20/07/2020;2034,64;;
;;;;21/07/2020;2089,18;;
;;;;22/07/2020;2093;;
;;;;23/07/2020;2201,26;;
;;;;24/07/2020;2225,02;;
;;;;27/07/2020;2505,43;;
;;;;28/07/2020;2544,69;;
;;;;29/07/2020;2596,77;;
;;;;30/07/2020;2621,73;;
;;;;31/07/2020;2695,02;;
;;;;03/08/2020;2880,02;;
;;;;04/08/2020;2835,32;;
;;;;05/08/2020;2942,67;;
;;;;06/08/2020;2940,31;;
;;;;07/08/2020;2840,74;;
;;;;10/08/2020;2902,98;;
;;;;11/08/2020;2751,14;;
;;;;12/08/2020;2818,33;;
;;;;13/08/2020;2906,62;;
;;;;14/08/2020;2999,3;;
;;;;17/08/2020;3124,93;;
;;;;18/08/2020;3045,02;;
;;;;19/08/2020;2913,08;;
;;;;20/08/2020;2961,69;;
;;;;21/08/2020;2840,07;;
;;;;23/08/2020;2845,07;;
;;;;24/08/2020;2914,7;;
;;;;25/08/2020;2774,86;;
;;;;26/08/2020;2824,16;;
;;;;27/08/2020;2746,64;;
;;;;28/08/2020;2812,73;;
;;;;29/08/2020;2828,82;;
;;;;30/08/2020;2895,21;;
;;;;31/08/2020;2939,82;;
;;;;01/09/2020;3104,63;;
;;;;02/09/2020;2897,92;;
;;;;03/09/2020;2713,74;;
;;;;04/09/2020;2643,3;;
;;;;05/09/2020;2532,93;;
;;;;06/09/2020;2525,74;;
;;;;07/09/2020;2477;;
;;;;08/09/2020;2418,39;;
;;;;09/09/2020;2502,71;;
;;;;10/09/2020;2533,42;;
;;;;11/09/2020;2548,56;;
;;;;12/09/2020;2555,3;;
;;;;13/09/2020;2543,99;;
;;;;14/09/2020;2609,5;;
;;;;15/09/2020;2599,88;;
;;;;16/09/2020;2627,29;;
;;;;17/09/2020;2688,6;;
;;;;18/09/2020;2650,31;;
;;;;19/09/2020;2687,24;;
;;;;20/09/2020;2616,81;;
;;;;21/09/2020;2488,54;;
;;;;22/09/2020;2496,42;;
;;;;23/09/2020;2391,75;;
;;;;24/09/2020;2508,22;;
;;;;25/09/2020;2560,72;;
;;;;26/09/2020;2544,96;;
;;;;27/09/2020;2539,13;;
;;;;28/09/2020;2594,77;;
;;;;29/09/2020;2568,28;;
;;;;30/09/2020;2560,7;;
;;;;01/10/2020;2530,08;;
;;;;02/10/2020;2494,75;;
;;;;03/10/2020;2500,98;;
;;;;04/10/2020;2522,66;;
;;;;05/10/2020;2567,77;;
;;;;06/10/2020;2499,14;;
;;;;07/10/2020;2526,77;;
;;;;08/10/2020;2583,95;;
;;;;09/10/2020;2627,83;;
;;;;10/10/2020;2705,76;;
;;;;11/10/2020;2704,95;;
;;;;12/10/2020;2773,98;;
;;;;13/10/2020;2731,09;;
;;;;14/10/2020;2707,34;;
;;;;15/10/2020;2716,94;;
;;;;16/10/2020;2651,39;;
;;;;17/10/2020;2665,59;;
;;;;18/10/2020;2691,52;;
;;;;19/10/2020;2742,87;;
;;;;20/10/2020;2732,17;;
;;;;21/10/2020;2925,8;;
;;;;22/10/2020;3036,02;;
;;;;23/10/2020;2971,72;;
;;;;24/10/2020;3016,29;;
;;;;25/10/2020;2978,41;;
;;;;26/10/2020;2940,94;;
;;;;27/10/2020;3045,81;;
;;;;28/10/2020;2957,33;;
;;;;29/10/2020;2965,31;;
;;;;30/10/2020;2973,08;;
;;;;31/10/2020;3019,65;;
;;;;01/11/2020;3007,14;;
;;;;02/11/2020;2968,59;;
;;;;03/11/2020;2977,32;;
;;;;04/11/2020;3075,62;;
;;;;05/11/2020;3258,92;;
;;;;06/11/2020;3379,35;;
;;;;07/11/2020;3343,74;;
;;;;08/11/2020;3363,32;;
;;;;09/11/2020;3343,68;;
;;;;10/11/2020;3346,37;;
;;;;11/11/2020;3442,61;;
;;;;12/11/2020;3477,41;;
;;;;13/11/2020;3537,11;;
;;;;14/11/2020;3455,98;;
;;;;15/11/2020;3464,8;;
;;;;16/11/2020;3578,75;;
;;;;17/11/2020;3756,48;;
;;;;18/11/2020;3741,91;;
;;;;19/11/2020;3791,09;;
;;;;20/11/2020;3974,7;;
;;;;21/11/2020;4267,33;;
;;;;22/11/2020;4205,14;;
;;;;23/11/2020;4639,22;;
;;;;24/11/2020;4890,09;;
;;;;25/11/2020;4678,77;;
;;;;26/11/2020;4197,89;;
;;;;27/11/2020;4170,97;;
;;;;28/11/2020;4429,82;;
;;;;29/11/2020;4527,75;;
;;;;30/11/2020;4850,3;;
;;;;01/12/2020;4783,22;;
;;;;02/12/2020;4774,51;;
;;;;03/12/2020;4868,55;;
;;;;04/12/2020;4585,56;;
;;;;05/12/2020;4699,97;;
;;;;06/12/2020;4719,38;;
;;;;07/12/2020;4712,73;;
;;;;08/12/2020;4555,9;;
;;;;09/12/2020;4574,94;;
;;;;10/12/2020;4503,87;;
;;;;11/12/2020;4446,81;;
;;;;12/12/2020;4415,33;;
;;;;13/12/2020;4607,96;;
;;;;14/12/2020;4600,91;;
;;;;15/12/2020;4606,38;;
;;;;16/12/2020;5030,64;;
;;;;17/12/2020;5347,43;;
;;;;18/12/2020;5352,02;;
;;;;19/12/2020;5474,41;;
;;;;20/12/2020;5516,73;;
;;;;21/12/2020;5238,99;;
;;;;22/12/2020;5176,17;;
;;;;23/12/2020;4755,81;;
;;;;24/12/2020;4997,31;;
;;;;25/12/2020;5207,19;;
;;;;26/12/2020;5347,69;;
;;;;27/12/2020;5750,46;;
;;;;28/12/2020;5730,29;;
;;;;29/12/2020;5655,46;;
;;;;30/12/2020;5956,19;;
;;;;31/12/2020;5935,91;;
;;;;01/01/2021;5952,97;;
;;;;02/01/2021;6328,02;;
;;;;03/01/2021;7053,86;;
;;;;04/01/2021;7162,52;;
;;;;05/01/2021;7805,74;;
;;;;06/01/2021;8522,63;;
;;;;07/01/2021;9077,25;;
;;;;08/01/2021;8824,08;;
;;;;09/01/2021;9035,73;;
;;;;10/01/2021;9263,59;;
;;;;11/01/2021;7791,13;;
;;;;12/01/2021;7811,1;;
;;;;13/01/2021;8366,5;;
;;;;14/01/2021;8668,92;;
;;;;15/01/2021;8313,48;;
;;;;16/01/2021;8864,25;;
;;;;17/01/2021;8542,21;;
;;;;18/01/2021;8587,02;;
;;;;19/01/2021;9206,41;;
;;;;20/01/2021;8457,92;;
;;;;21/01/2021;7437,04;;
;;;;22/01/2021;8301,84;;
;;;;23/01/2021;8030,49;;
;;;;24/01/2021;8332,44;;
;;;;25/01/2021;8263,58;;
;;;;26/01/2021;8395,8;;
;;;;27/01/2021;8028,63;;
;;;;28/01/2021;8572,71;;
;;;;29/01/2021;8792,2;;
;;;;30/01/2021;8654,81;;
;;;;31/01/2021;8295,23;;
;;;;01/02/2021;8508,77;;
;;;;02/02/2021;9156,09;;
;;;;03/02/2021;9842;;
;;;;04/02/2021;9755,95;;
;;;;05/02/2021;10185,61;;
;;;;06/02/2021;10358,96;;
;;;;07/02/2021;9733,48;;
;;;;08/02/2021;11386,25;;
;;;;09/02/2021;11698,67;;
;;;;10/02/2021;11549,89;;
;;;;11/02/2021;12081,47;;
;;;;12/02/2021;12854,37;;
;;;;13/02/2021;12834,36;;
;;;;14/02/2021;12662,94;;
;;;;15/02/2021;12656,04;;
;;;;16/02/2021;12932;;
;;;;17/02/2021;13906,36;;
;;;;18/02/2021;13847,83;;
;;;;19/02/2021;14729,81;;
;;;;20/02/2021;15426;;
;;;;21/02/2021;15609,14;;
;;;;22/02/2021;14702,96;;
;;;;23/02/2021;12942,18;;
;;;;24/02/2021;13035,56;;
;;;;25/02/2021;13058,96;;
;;;;26/02/2021;12210,27;;
;;;;27/02/2021;12824,89;;
;;;;28/02/2021;11709,28;;
;;;;01/03/2021;13344,22;;
;;;;02/03/2021;13195,54;;
;;;;03/03/2021;14071,49;;
;;;;04/03/2021;13167,41;;
;;;;05/03/2021;13276,16;;
;;;;06/03/2021;12810,88;;
;;;;07/03/2021;13654,7;;
;;;;08/03/2021;13886,9;;
;;;;09/03/2021;14872,87;;
;;;;10/03/2021;15095;;
;;;;11/03/2021;15101,39;;
;;;;12/03/2021;14747,92;;
;;;;13/03/2021;15426,71;;
;;;;14/03/2021;15292,52;;
;;;;15/03/2021;14516,53;;
;;;;16/03/2021;14685,43;;
;;;;17/03/2021;15064,43;;
;;;;18/03/2021;14985,59;;
;;;;19/03/2021;15417,57;;
;;;;20/03/2021;15718,25;;
;;;;21/03/2021;14968,47;;
;;;;22/03/2021;14238,09;;
;;;;23/03/2021;14178,97;;
;;;;24/03/2021;12931,19;;
;;;;25/03/2021;13267,42;;
;;;;26/03/2021;13998,38;;
;;;;27/03/2021;14175,98;;
;;;;28/03/2021;13847,91;;
;;;;29/03/2021;14644,76;;
;;;;30/03/2021;14821,98;;
;;;;31/03/2021;15198,08;;
;;;;01/04/2021;15456,89;;
;;;;02/04/2021;15838,22;;
;;;;03/04/2021;16572,81;;
;;;;04/04/2021;16479,31;;
;;;;05/04/2021;16628,53;;
;;;;06/04/2021;16332,03;;
;;;;07/04/2021;15593,46;;
;;;;08/04/2021;15839,08;;
;;;;09/04/2021;16033,18;;
;;;;10/04/2021;16514,41;;
;;;;11/04/2021;16350,05;;
;;;;12/04/2021;16366,75;;
;;;;13/04/2021;17324,21;;
;;;;14/04/2021;17301,38;;
;;;;15/04/2021;17768,2;;
;;;;16/04/2021;17279,87;;
;;;;17/04/2021;17365,63;;
;;;;18/04/2021;15130,36;;
;;;;19/04/2021;15074,38;;
;;;;20/04/2021;15242,27;;
;;;;21/04/2021;15175,97;;
;;;;22/04/2021;14525,74;;
;;;;23/04/2021;13982,03;;
;;;;24/04/2021;13290,17;;
;;;;25/04/2021;13113,14;;
;;;;26/04/2021;14451,92;;
;;;;27/04/2021;15333,41;;
;;;;28/04/2021;15274,36;;
;;;;29/04/2021;15009,89;;
;;;;30/04/2021;15930,64;;
;;;;01/05/2021;16172,08;;
;;;;02/05/2021;16339,53;;
;;;;03/05/2021;16594,38;;
;;;;04/05/2021;16204,9;;
;;;;05/05/2021;17063,61;;
;;;;06/05/2021;17568,35;;
;;;;07/05/2021;17535,21;;
;;;;08/05/2021;17863,33;;
;;;;09/05/2021;17924,24;;
;;;;10/05/2021;17195,34;;
;;;;11/05/2021;17714,39;;
;;;;12/05/2021;17672,31;;
;;;;13/05/2021;16695,56;;
;;;;14/05/2021;17585,52;;
;;;;15/05/2021;17862,99;;
;;;;16/05/2021;15688,77;;
;;;;17/05/2021;15434,52;;
;;;;18/05/2021;15427,87;;
;;;;19/05/2021;11529,75;;
;;;;20/05/2021;12812,42;;
;;;;21/05/2021;10516,05;;
;;;;22/05/2021;10914;;
;;;;23/05/2021;9504,87;;
;;;;24/05/2021;11476,29;;
;;;;25/05/2021;10938,52;;
;;;;26/05/2021;11664,24;;
;;;;27/05/2021;11629,73;;
;;;;28/05/2021;10219,33;;
;;;;29/05/2021;10154,7;;
;;;;30/05/2021;10471,09;;
;;;;31/05/2021;11010,02;;
;;;;01/06/2021;10963,08;;
;;;;02/06/2021;11682,24;;
