31/12/2016;100;100;#N/A N/A;#N/A N/A
01/01/2017;102,22;102,22;#N/A N/A;2,22
02/01/2017;104,68;104,68;#N/A N/A;2,41
03/01/2017;107,38;107,38;#N/A N/A;2,58
04/01/2017;115,92;115,92;#N/A N/A;7,95
05/01/2017;105,88;105,88;#N/A N/A;-8,66
06/01/2017;102,83;102,83;#N/A N/A;-2,88
07/01/2017;101,63;101,63;#N/A N/A;-1,17
08/01/2017;101,76;101,76;#N/A N/A;0,13
09/01/2017;102,64;102,64;#N/A N/A;0,86
10/01/2017;104,21;104,21;#N/A N/A;1,53
11/01/2017;95,63;95,63;#N/A N/A;-8,23
12/01/2017;95,16;95,16;#N/A N/A;-0,49
13/01/2017;96,52;96,52;#N/A N/A;1,43
14/01/2017;96,82;96,82;#N/A N/A;0,31
15/01/2017;96,62;96,62;#N/A N/A;-0,21
16/01/2017;96,75;96,75;#N/A N/A;0,13
17/01/2017;101,26;101,26;#N/A N/A;4,66
18/01/2017;100,74;100,74;#N/A N/A;-0,51
19/01/2017;101,83;101,83;#N/A N/A;1,08
20/01/2017;103,53;103,53;#N/A N/A;1,67
21/01/2017;105,57;105,57;#N/A N/A;1,97
22/01/2017;104,89;104,89;#N/A N/A;-0,64
23/01/2017;104,98;104,98;#N/A N/A;0,09
24/01/2017;103,91;103,91;#N/A N/A;-1,02
25/01/2017;102,27;102,27;#N/A N/A;-1,58
26/01/2017;103,78;103,78;#N/A N/A;1,48
27/01/2017;103,31;103,31;#N/A N/A;-0,45
28/01/2017;103,08;103,08;#N/A N/A;-0,22
29/01/2017;103,06;103,06;#N/A N/A;-0,02
30/01/2017;103,87;103,87;#N/A N/A;0,79
31/01/2017;106,62;106,62;#N/A N/A;2,65
01/02/2017;106,61;106,61;#N/A N/A;-0,01
02/02/2017;109,65;109,65;#N/A N/A;2,85
03/02/2017;109,95;109,95;#N/A N/A;0,27
04/02/2017;110,9;110,9;#N/A N/A;0,86
05/02/2017;110,74;110,74;#N/A N/A;-0,14
06/02/2017;111,99;111,99;#N/A N/A;1,13
07/02/2017;113,92;113,92;#N/A N/A;1,72
08/02/2017;113,88;113,88;#N/A N/A;-0,04
09/02/2017;106,92;106,92;#N/A N/A;-6,11
10/02/2017;107,37;107,37;#N/A N/A;0,42
11/02/2017;109,81;109,81;#N/A N/A;2,27
12/02/2017;109,51;109,51;#N/A N/A;-0,27
13/02/2017;108,51;108,51;#N/A N/A;-0,91
14/02/2017;113,25;113,25;#N/A N/A;4,37
15/02/2017;113,6;113,6;#N/A N/A;0,31
16/02/2017;115,26;115,26;#N/A N/A;1,46
17/02/2017;115,74;115,74;#N/A N/A;0,42
18/02/2017;115,08;115,08;#N/A N/A;-0,57
19/02/2017;115,03;115,03;#N/A N/A;-0,04
20/02/2017;115,28;115,28;#N/A N/A;0,22
21/02/2017;117,53;117,53;#N/A N/A;1,95
22/02/2017;119,01;119,01;#N/A N/A;1,26
23/02/2017;120,77;120,77;#N/A N/A;1,48
24/02/2017;124,13;124,13;#N/A N/A;2,78
25/02/2017;121,86;121,86;#N/A N/A;-1,83
26/02/2017;125,12;125,12;#N/A N/A;2,68
27/02/2017;128,3;128,3;#N/A N/A;2,54
28/02/2017;129,28;129,28;#N/A N/A;0,76
01/03/2017;132,42;132,42;#N/A N/A;2,43
02/03/2017;143,62;143,62;#N/A N/A;8,46
03/03/2017;146,49;146,49;#N/A N/A;2
04/03/2017;146,23;146,23;#N/A N/A;-0,18
05/03/2017;146,07;146,07;#N/A N/A;-0,11
06/03/2017;148,81;148,81;#N/A N/A;1,88
07/03/2017;146,27;146,27;#N/A N/A;-1,71
08/03/2017;138,9;138,9;#N/A N/A;-5,04
09/03/2017;139,17;139,17;#N/A N/A;0,19
10/03/2017;143;143;#N/A N/A;2,75
11/03/2017;144,55;144,55;#N/A N/A;1,08
12/03/2017;154,12;154,12;#N/A N/A;6,62
13/03/2017;176,41;176,41;#N/A N/A;14,46
14/03/2017;172,56;172,56;#N/A N/A;-2,18
15/03/2017;181,47;181,47;#N/A N/A;5,16
16/03/2017;206,15;206,15;#N/A N/A;13,6
17/03/2017;215,51;215,51;#N/A N/A;4,54
18/03/2017;187,38;187,38;#N/A N/A;-13,05
19/03/2017;196,96;196,96;#N/A N/A;5,11
20/03/2017;211,54;211,54;#N/A N/A;7,4
21/03/2017;209,05;209,05;#N/A N/A;-1,18
22/03/2017;197,08;197,08;#N/A N/A;-5,73
23/03/2017;206,03;206,03;#N/A N/A;4,54
24/03/2017;226,3;226,3;#N/A N/A;9,84
25/03/2017;230,2;230,2;#N/A N/A;1,72
26/03/2017;226,68;226,68;#N/A N/A;-1,53
27/03/2017;232,31;232,31;#N/A N/A;2,48
28/03/2017;232,22;232,22;#N/A N/A;-0,04
29/03/2017;239,5;239,5;#N/A N/A;3,13
30/03/2017;248,21;248,21;#N/A N/A;3,64
31/03/2017;247,73;247,73;#N/A N/A;-0,19
01/04/2017;259,93;259,93;#N/A N/A;4,92
02/04/2017;282,94;282,94;#N/A N/A;8,85
03/04/2017;288,2;288,2;#N/A N/A;1,86
04/04/2017;271,55;271,55;#N/A N/A;-5,78
05/04/2017;280,61;280,61;#N/A N/A;3,34
06/04/2017;278,9;278,9;#N/A N/A;-0,61
07/04/2017;279,2;279,2;#N/A N/A;0,11
08/04/2017;285,08;285,08;#N/A N/A;2,11
09/04/2017;278,25;278,25;#N/A N/A;-2,4
10/04/2017;280,49;280,49;#N/A N/A;0,81
11/04/2017;280,58;280,58;#N/A N/A;0,03
12/04/2017;283,51;283,51;#N/A N/A;1,04
13/04/2017;292,48;292,48;#N/A N/A;3,16
14/04/2017;286,18;286,18;#N/A N/A;-2,15
15/04/2017;286,99;286,99;#N/A N/A;0,28
16/04/2017;286,29;286,29;#N/A N/A;-0,24
17/04/2017;289,4;289,4;#N/A N/A;1,09
18/04/2017;291,38;291,38;#N/A N/A;0,68
19/04/2017;291,87;291,87;#N/A N/A;0,17
20/04/2017;287,05;287,05;#N/A N/A;-1,65
21/04/2017;298,09;298,09;#N/A N/A;3,85
22/04/2017;295,63;295,63;#N/A N/A;-0,83
23/04/2017;299,2;299,2;#N/A N/A;1,21
24/04/2017;304,1;304,1;#N/A N/A;1,64
25/04/2017;308,86;308,86;#N/A N/A;1,57
26/04/2017;319,68;319,68;#N/A N/A;3,5
27/04/2017;334,2;334,2;#N/A N/A;4,54
28/04/2017;361,78;361,78;#N/A N/A;8,25
29/04/2017;382,87;382,87;#N/A N/A;5,83
30/04/2017;386,28;386,28;#N/A N/A;0,89
01/05/2017;407,51;407,51;#N/A N/A;5,5
02/05/2017;413,87;413,87;#N/A N/A;1,56
03/05/2017;428,39;428,39;#N/A N/A;3,51
04/05/2017;489,05;489,05;#N/A N/A;14,16
05/05/2017;524,94;524,94;#N/A N/A;7,34
06/05/2017;508,76;508,76;#N/A N/A;-3,08
07/05/2017;555,16;555,16;#N/A N/A;9,12
08/05/2017;638,18;638,18;#N/A N/A;14,95
09/05/2017;604,44;604,44;#N/A N/A;-5,29
10/05/2017;630,17;630,17;#N/A N/A;4,26
11/05/2017;643,34;643,34;#N/A N/A;2,09
12/05/2017;659,96;659,96;#N/A N/A;2,58
13/05/2017;643,49;643,49;#N/A N/A;-2,5
14/05/2017;668,47;668,47;#N/A N/A;3,88
15/05/2017;703,48;703,48;#N/A N/A;5,24
16/05/2017;750,28;750,28;#N/A N/A;6,65
17/05/2017;840,37;840,37;#N/A N/A;12,01
18/05/2017;845,05;845,05;#N/A N/A;0,56
19/05/2017;893,71;893,71;#N/A N/A;5,76
20/05/2017;910,69;910,69;#N/A N/A;1,9
21/05/2017;922,5;922,5;#N/A N/A;1,3
22/05/2017;978,72;978,72;#N/A N/A;6,09
23/05/2017;1026,43;1026,43;#N/A N/A;4,87
24/05/2017;1091,68;1091,68;#N/A N/A;6,36
25/05/2017;1096,45;1096,45;#N/A N/A;0,44
26/05/2017;1034,53;1034,53;#N/A N/A;-5,65
27/05/2017;840,05;840,05;#N/A N/A;-18,8
28/05/2017;864,48;864,48;#N/A N/A;2,91
29/05/2017;947,06;947,06;#N/A N/A;9,55
30/05/2017;950,65;950,65;#N/A N/A;0,38
31/05/2017;1012,43;1012,43;#N/A N/A;6,5
01/06/2017;1097,92;1097,92;#N/A N/A;8,44
02/06/2017;1107,72;1107,72;#N/A N/A;0,89
03/06/2017;1117,26;1117,26;#N/A N/A;0,86
04/06/2017;1153,44;1153,44;#N/A N/A;3,24
05/06/2017;1165,64;1165,64;#N/A N/A;1,06
06/06/2017;1228,28;1228,28;#N/A N/A;5,37
07/06/2017;1220;1220;#N/A N/A;-0,67
08/06/2017;1196,27;1196,27;#N/A N/A;-1,95
09/06/2017;1246,4;1246,4;#N/A N/A;4,19
10/06/2017;1266,91;1266,91;#N/A N/A;1,65
11/06/2017;1337,41;1337,41;#N/A N/A;5,56
12/06/2017;1360,07;1360,07;#N/A N/A;1,69
13/06/2017;1346,38;1346,38;#N/A N/A;-1,01
14/06/2017;1320,34;1320,34;#N/A N/A;-1,93
15/06/2017;1108,16;1108,16;#N/A N/A;-16,07
16/06/2017;1245,17;1245,17;#N/A N/A;12,36
17/06/2017;1302,29;1302,29;#N/A N/A;4,59
18/06/2017;1320,14;1320,14;#N/A N/A;1,37
19/06/2017;1306,77;1306,77;#N/A N/A;-1,01
20/06/2017;1387,49;1387,49;#N/A N/A;6,18
21/06/2017;1293,24;1293,24;#N/A N/A;-6,79
22/06/2017;1308,53;1308,53;#N/A N/A;1,18
23/06/2017;1316,35;1316,35;#N/A N/A;0,6
24/06/2017;1287,76;1287,76;#N/A N/A;-2,17
25/06/2017;1228,39;1228,39;#N/A N/A;-4,61
26/06/2017;1085,1;1085,1;#N/A N/A;-11,66
27/06/2017;1045,09;1045,09;#N/A N/A;-3,69
28/06/2017;1210,72;1210,72;#N/A N/A;15,85
29/06/2017;1214,83;1214,83;#N/A N/A;0,34
30/06/2017;1198,49;1198,49;#N/A N/A;-1,35
01/07/2017;1138,42;1138,42;#N/A N/A;-5,01
02/07/2017;1128,86;1128,86;#N/A N/A;-0,84
03/07/2017;1191,88;1191,88;#N/A N/A;5,58
04/07/2017;1184,16;1184,16;#N/A N/A;-0,65
05/07/2017;1157,56;1157,56;#N/A N/A;-2,25
06/07/2017;1169,95;1169,95;#N/A N/A;1,07
07/07/2017;1106,5;1106,5;#N/A N/A;-5,42
08/07/2017;1112,53;1112,53;#N/A N/A;0,54
09/07/2017;1111,63;1111,63;#N/A N/A;-0,08
10/07/2017;1006,67;1006,67;#N/A N/A;-9,44
11/07/2017;954,35;954,35;#N/A N/A;-5,2
12/07/2017;984,94;984,94;#N/A N/A;3,21
13/07/2017;972,1;972,1;#N/A N/A;-1,3
14/07/2017;928,31;928,31;#N/A N/A;-4,5
15/07/2017;858,35;858,35;#N/A N/A;-7,54
16/07/2017;763,09;763,09;#N/A N/A;-11,1
17/07/2017;832,85;832,85;#N/A N/A;9,14
18/07/2017;981,94;981,94;#N/A N/A;17,9
19/07/2017;980,98;980,98;#N/A N/A;-0,1
20/07/2017;1053,54;1053,54;#N/A N/A;7,4
21/07/2017;1069,67;1069,67;#N/A N/A;1,53
22/07/2017;1086,47;1086,47;#N/A N/A;1,57
23/07/2017;1099,17;1099,17;#N/A N/A;1,17
24/07/2017;1089,25;1089,25;#N/A N/A;-0,9
25/07/2017;1010,94;1010,94;#N/A N/A;-7,19
26/07/2017;958,23;958,23;#N/A N/A;-5,21
27/07/2017;987,6;987,6;#N/A N/A;3,07
28/07/2017;1015,16;1015,16;#N/A N/A;2,79
29/07/2017;984,19;984,19;#N/A N/A;-3,05
30/07/2017;1012,23;1012,23;#N/A N/A;2,85
31/07/2017;1014,58;1014,58;#N/A N/A;0,23
01/08/2017;1035,09;1035,09;#N/A N/A;2,02
02/08/2017;1042,65;1042,65;#N/A N/A;0,73
03/08/2017;1070,33;1070,33;#N/A N/A;2,65
04/08/2017;1084,32;1084,32;#N/A N/A;1,31
05/08/2017;1188,74;1188,74;#N/A N/A;9,63
06/08/2017;1220,9;1220,9;#N/A N/A;2,71
07/08/2017;1259,16;1259,16;#N/A N/A;3,13
08/08/2017;1288,26;1288,26;#N/A N/A;2,31
09/08/2017;1269,29;1269,29;#N/A N/A;-1,47
10/08/2017;1326,24;1326,24;#N/A N/A;4,49
11/08/2017;1321,95;1321,95;#N/A N/A;-0,32
12/08/2017;1404,62;1404,62;#N/A N/A;6,25
13/08/2017;1396,05;1396,05;#N/A N/A;-0,61
14/08/2017;1436,52;1436,52;#N/A N/A;2,9
15/08/2017;1353,84;1353,84;#N/A N/A;-5,76
16/08/2017;1444,5;1444,5;#N/A N/A;6,7
17/08/2017;1456,01;1456,01;#N/A N/A;0,8
18/08/2017;1428,76;1428,76;#N/A N/A;-1,87
19/08/2017;1363,1;1363,1;#N/A N/A;-4,6
20/08/2017;1395,25;1395,25;#N/A N/A;2,36
21/08/2017;1435,68;1435,68;#N/A N/A;2,9
22/08/2017;1432,08;1432,08;#N/A N/A;-0,25
23/08/2017;1579,49;1579,49;#N/A N/A;10,29
24/08/2017;1580,42;1580,42;#N/A N/A;0,06
25/08/2017;1578,37;1578,37;#N/A N/A;-0,13
26/08/2017;1539,75;1539,75;#N/A N/A;-2,45
27/08/2017;1556,77;1556,77;#N/A N/A;1,11
28/08/2017;1559,99;1559,99;#N/A N/A;0,21
29/08/2017;1665,42;1665,42;#N/A N/A;6,76
30/08/2017;1691,27;1691,27;#N/A N/A;1,55
31/08/2017;1745,33;1745,33;#N/A N/A;3,2
01/09/2017;1797,62;1797,62;#N/A N/A;3
02/09/2017;1656,91;1656,91;#N/A N/A;-7,83
03/09/2017;1631,49;1631,49;#N/A N/A;-1,53
04/09/2017;1476,76;1476,76;#N/A N/A;-9,48
05/09/2017;1509,97;1509,97;#N/A N/A;2,25
06/09/2017;1669,55;1669,55;#N/A N/A;10,57
07/09/2017;1684,66;1684,66;#N/A N/A;0,91
08/09/2017;1570,99;1570,99;#N/A N/A;-6,75
09/09/2017;1528,55;1528,55;#N/A N/A;-2,7
10/09/2017;1477,94;1477,94;#N/A N/A;-3,31
11/09/2017;1517,2;1517,2;#N/A N/A;2,66
12/09/2017;1522,88;1522,88;#N/A N/A;0,37
13/09/2017;1362,11;1362,11;#N/A N/A;-10,56
14/09/2017;1239,59;1239,59;#N/A N/A;-8,99
15/09/2017;1307,56;1307,56;#N/A N/A;5,48
16/09/2017;1253,2;1253,2;#N/A N/A;-4,16
17/09/2017;1289,2;1289,2;#N/A N/A;2,87
18/09/2017;1417,66;1417,66;#N/A N/A;9,96
19/09/2017;1413,05;1413,05;#N/A N/A;-0,33
20/09/2017;1408,5;1408,5;#N/A N/A;-0,32
21/09/2017;1315,57;1315,57;#N/A N/A;-6,6
22/09/2017;1231,73;1231,73;#N/A N/A;-6,37
23/09/2017;1316,49;1316,49;#N/A N/A;6,88
24/09/2017;1320,1;1320,1;#N/A N/A;0,27
25/09/2017;1388,83;1388,83;#N/A N/A;5,21
26/09/2017;1385,35;1385,35;#N/A N/A;-0,25
27/09/2017;1447,33;1447,33;#N/A N/A;4,47
28/09/2017;1452,42;1452,42;#N/A N/A;0,35
29/09/2017;1447,02;1447,02;#N/A N/A;-0,37
30/09/2017;1494,16;1494,16;#N/A N/A;3,26
01/10/2017;1469,99;1469,99;#N/A N/A;-1,62
02/10/2017;1483,53;1483,53;#N/A N/A;0,92
03/10/2017;1454,21;1454,21;#N/A N/A;-1,98
04/10/2017;1444,97;1444,97;#N/A N/A;-0,64
05/10/2017;1485,09;1485,09;#N/A N/A;2,78
06/10/2017;1513,84;1513,84;#N/A N/A;1,94
07/10/2017;1509,98;1509,98;#N/A N/A;-0,25
08/10/2017;1579,93;1579,93;#N/A N/A;4,63
09/10/2017;1575,8;1575,8;#N/A N/A;-0,26
10/10/2017;1593,91;1593,91;#N/A N/A;1,15
11/10/2017;1596,08;1596,08;#N/A N/A;0,14
12/10/2017;1689,55;1689,55;#N/A N/A;5,86
13/10/2017;1810,09;1810,09;#N/A N/A;7,13
14/10/2017;1815,98;1815,98;#N/A N/A;0,33
15/10/2017;1775,97;1775,97;#N/A N/A;-2,2
16/10/2017;1832,37;1832,37;#N/A N/A;3,18
17/10/2017;1758,78;1758,78;#N/A N/A;-4,02
18/10/2017;1658,99;1658,99;#N/A N/A;-5,67
19/10/2017;1720,56;1720,56;#N/A N/A;3,71
20/10/2017;1770,38;1770,38;#N/A N/A;2,9
21/10/2017;1763,47;1763,47;#N/A N/A;-0,39
22/10/2017;1748,23;1748,23;#N/A N/A;-0,86
23/10/2017;1666,23;1666,23;#N/A N/A;-4,69
24/10/2017;1707,93;1707,93;#N/A N/A;2,5
25/10/2017;1643,19;1643,19;#N/A N/A;-3,79
26/10/2017;1736,96;1736,96;#N/A N/A;5,71
27/10/2017;1701,07;1701,07;#N/A N/A;-2,07
28/10/2017;1691,85;1691,85;#N/A N/A;-0,54
29/10/2017;1776,84;1776,84;#N/A N/A;5,02
30/10/2017;1796,54;1796,54;#N/A N/A;1,11
31/10/2017;1844,66;1844,66;#N/A N/A;2,68
01/11/2017;1859,32;1859,32;#N/A N/A;0,79
02/11/2017;1898,57;1898,57;#N/A N/A;2,11
03/11/2017;2026,58;2026,58;#N/A N/A;6,74
04/11/2017;2017,23;2017,23;#N/A N/A;-0,46
05/11/2017;2027,1;2027,1;#N/A N/A;0,49
06/11/2017;1993;1993;#N/A N/A;-1,68
07/11/2017;1943,67;1943,67;#N/A N/A;-2,48
08/11/2017;2055,2;2055,2;#N/A N/A;5,74
09/11/2017;2059,57;2059,57;#N/A N/A;0,21
10/11/2017;2015,87;2015,87;#N/A N/A;-2,12
11/11/2017;2051,94;2051,94;#N/A N/A;1,79
12/11/2017;2064,33;2064,33;#N/A N/A;0,6
13/11/2017;2055,9;2055,9;#N/A N/A;-0,41
14/11/2017;2127,53;2127,53;#N/A N/A;3,48
15/11/2017;2194,77;2194,77;#N/A N/A;3,16
16/11/2017;2232,45;2232,45;#N/A N/A;1,72
17/11/2017;2303,18;2303,18;#N/A N/A;3,17
18/11/2017;2315,96;2315,96;#N/A N/A;0,55
19/11/2017;2371,32;2371,32;#N/A N/A;2,39
20/11/2017;2458,26;2458,26;#N/A N/A;3,67
21/11/2017;2460,02;2460,02;#N/A N/A;0,07
22/11/2017;2462,18;2462,18;#N/A N/A;0,09
23/11/2017;2608,87;2608,87;#N/A N/A;5,96
24/11/2017;2698,48;2698,48;#N/A N/A;3,43
25/11/2017;2822,62;2822,62;#N/A N/A;4,6
26/11/2017;2861,73;2861,73;#N/A N/A;1,39
27/11/2017;2952,61;2952,61;#N/A N/A;3,18
28/11/2017;3000,25;3000,25;#N/A N/A;1,61
29/11/2017;3172,2;3172,2;#N/A N/A;5,73
30/11/2017;2694,08;2694,08;#N/A N/A;-15,07
01/12/2017;3032,83;3032,83;#N/A N/A;12,57
02/12/2017;3075,1;3075,1;#N/A N/A;1,39
03/12/2017;3284,05;3284,05;#N/A N/A;6,79
04/12/2017;3164,39;3164,39;#N/A N/A;-3,64
05/12/2017;3199,81;3199,81;#N/A N/A;1,12
06/12/2017;3304,02;3304,02;#N/A N/A;3,26
07/12/2017;3614,74;3614,74;#N/A N/A;9,4
08/12/2017;3749,15;3749,15;#N/A N/A;3,72
09/12/2017;3700,67;3700,67;#N/A N/A;-1,29
10/12/2017;3739,55;3739,55;#N/A N/A;1,05
11/12/2017;4027,33;4027,33;#N/A N/A;7,7
12/12/2017;4558,92;4558,92;#N/A N/A;13,2
13/12/2017;4839,88;4839,88;#N/A N/A;6,16
14/12/2017;5033,04;5033,04;#N/A N/A;3,99
15/12/2017;5342,69;5342,69;#N/A N/A;6,15
16/12/2017;5488,18;5488,18;#N/A N/A;2,72
17/12/2017;5563,29;5563,29;#N/A N/A;1,37
18/12/2017;5623,94;5623,94;#N/A N/A;1,09
19/12/2017;5844,91;5844,91;#N/A N/A;3,93
20/12/2017;5711,72;5711,72;#N/A N/A;-2,28
21/12/2017;5732,78;5732,78;#N/A N/A;0,37
22/12/2017;4695,29;4695,29;#N/A N/A;-18,1
23/12/2017;5659,25;5659,25;#N/A N/A;20,53
24/12/2017;4917,43;4917,43;#N/A N/A;-13,11
25/12/2017;5245,86;5245,86;#N/A N/A;6,68
26/12/2017;5652,75;5652,75;#N/A N/A;7,76
27/12/2017;5464,41;5464,41;#N/A N/A;-3,33
28/12/2017;5399,97;5399,97;#N/A N/A;-1,18
29/12/2017;6113,93;6113,93;#N/A N/A;13,22
30/12/2017;5745,97;5745,97;#N/A N/A;-6,02
31/12/2017;6222,94;6222,94;#N/A N/A;8,3
01/01/2018;5939,4;5939,4;#N/A N/A;-4,56
02/01/2018;6542;6542;#N/A N/A;10,15
03/01/2018;7250,12;7250,12;#N/A N/A;10,82
04/01/2018;7646,91;7646,91;#N/A N/A;5,47
05/01/2018;7517,1;7517,1;#N/A N/A;-1,7
06/01/2018;7909,14;7909,14;#N/A N/A;5,22
07/01/2018;7924,03;7924,03;#N/A N/A;0,19
08/01/2018;7397,32;7397,32;#N/A N/A;-6,65
09/01/2018;7420,93;7420,93;#N/A N/A;0,32
10/01/2018;7173,77;7173,77;#N/A N/A;-3,33
11/01/2018;7017,19;7017,19;#N/A N/A;-2,18
12/01/2018;6872,68;6872,68;#N/A N/A;-2,06
13/01/2018;7227,97;7227,97;#N/A N/A;5,17
14/01/2018;6746,1;6746,1;#N/A N/A;-6,67
15/01/2018;6939,39;6939,39;#N/A N/A;2,87
16/01/2018;5654,65;5654,65;#N/A N/A;-18,51
17/01/2018;4686,62;4686,62;#N/A N/A;-17,12
18/01/2018;5753,51;5753,51;#N/A N/A;22,76
19/01/2018;5680,66;5680,66;#N/A N/A;-1,27
20/01/2018;6129,55;6129,55;#N/A N/A;7,9
21/01/2018;5367,99;5367,99;#N/A N/A;-12,42
22/01/2018;4948,41;4948,41;#N/A N/A;-7,82
23/01/2018;5417,34;5417,34;#N/A N/A;9,48
24/01/2018;5263,65;5263,65;#N/A N/A;-2,84
25/01/2018;5187,86;5187,86;#N/A N/A;-1,44
26/01/2018;5215,4;5215,4;#N/A N/A;0,53
27/01/2018;5378,13;5378,13;#N/A N/A;3,12
28/01/2018;5600,84;5600,84;#N/A N/A;4,14
29/01/2018;5492,03;5492,03;#N/A N/A;-1,94
30/01/2018;5089,87;5089,87;#N/A N/A;-7,32
31/01/2018;4902,71;4902,71;#N/A N/A;-3,68
01/02/2018;4421,28;4421,28;#N/A N/A;-9,82
02/02/2018;4319,89;4319,89;#N/A N/A;-2,29
03/02/2018;4429,18;4429,18;#N/A N/A;2,53
04/02/2018;3984,04;3984,04;#N/A N/A;-10,05
05/02/2018;3355,18;3355,18;#N/A N/A;-15,78
06/02/2018;3304,49;3304,49;#N/A N/A;-1,51
07/02/2018;3687,37;3687,37;#N/A N/A;11,59
08/02/2018;3790,23;3790,23;#N/A N/A;2,79
09/02/2018;3993,69;3993,69;#N/A N/A;5,37
10/02/2018;4018,42;4018,42;#N/A N/A;0,62
11/02/2018;4053,31;4053,31;#N/A N/A;0,87
12/02/2018;4190,75;4190,75;#N/A N/A;3,39
13/02/2018;4094,89;4094,89;#N/A N/A;-2,29
14/02/2018;4472,85;4472,85;#N/A N/A;9,23
15/02/2018;4720,46;4720,46;#N/A N/A;5,54
16/02/2018;4751,32;4751,32;#N/A N/A;0,65
17/02/2018;5004,32;5004,32;#N/A N/A;5,32
18/02/2018;4825,87;4825,87;#N/A N/A;-3,57
19/02/2018;4962,77;4962,77;#N/A N/A;2,84
20/02/2018;5040,58;5040,58;#N/A N/A;1,57
21/02/2018;4490;4490;#N/A N/A;-10,92
22/02/2018;4259,07;4259,07;#N/A N/A;-5,14
23/02/2018;4392,39;4392,39;#N/A N/A;3,13
24/02/2018;4290,73;4290,73;#N/A N/A;-2,31
25/02/2018;4194,65;4194,65;#N/A N/A;-2,24
26/02/2018;4446,55;4446,55;#N/A N/A;6,01
27/02/2018;4549,11;4549,11;#N/A N/A;2,31
28/02/2018;4449,42;4449,42;#N/A N/A;-2,19
01/03/2018;4557,09;4557,09;#N/A N/A;2,42
02/03/2018;4527,63;4527,63;#N/A N/A;-0,65
03/03/2018;4672,29;4672,29;#N/A N/A;3,2
04/03/2018;4610,75;4610,75;#N/A N/A;-1,32
05/03/2018;4802,11;4802,11;#N/A N/A;4,15
06/03/2018;4519,23;4519,23;#N/A N/A;-5,89
07/03/2018;4086,49;4086,49;#N/A N/A;-9,58
08/03/2018;3934,63;3934,63;#N/A N/A;-3,72
09/03/2018;3683,15;3683,15;#N/A N/A;-6,39
10/03/2018;3958,71;3958,71;#N/A N/A;7,48
11/03/2018;3867,86;3867,86;#N/A N/A;-2,29
12/03/2018;3821,06;3821,06;#N/A N/A;-1,21
13/03/2018;3825,16;3825,16;#N/A N/A;0,11
14/03/2018;3490,16;3490,16;#N/A N/A;-8,76
15/03/2018;3315,1;3315,1;#N/A N/A;-5,02
16/03/2018;3496,82;3496,82;#N/A N/A;5,48
17/03/2018;3230,13;3230,13;#N/A N/A;-7,63
18/03/2018;2868,32;2868,32;#N/A N/A;-11,2
19/03/2018;3314,91;3314,91;#N/A N/A;15,57
20/03/2018;3468,46;3468,46;#N/A N/A;4,63
21/03/2018;3448,34;3448,34;#N/A N/A;-0,58
22/03/2018;3322,71;3322,71;#N/A N/A;-3,64
23/03/2018;3319,85;3319,85;#N/A N/A;-0,09
24/03/2018;3408,91;3408,91;#N/A N/A;2,68
25/03/2018;3255,79;3255,79;#N/A N/A;-4,49
26/03/2018;3076,68;3076,68;#N/A N/A;-5,5
27/03/2018;3048,27;3048,27;#N/A N/A;-0,92
28/03/2018;2941,83;2941,83;#N/A N/A;-3,49
29/03/2018;2748,36;2748,36;#N/A N/A;-6,58
30/03/2018;2518,1;2518,1;#N/A N/A;-8,38
31/03/2018;2626,18;2626,18;#N/A N/A;4,29
01/04/2018;2387,29;2387,29;#N/A N/A;-9,1
02/04/2018;2581,02;2581,02;#N/A N/A;8,12
03/04/2018;2721,29;2721,29;#N/A N/A;5,43
04/04/2018;2502,56;2502,56;#N/A N/A;-8,04
05/04/2018;2498,57;2498,57;#N/A N/A;-0,16
06/04/2018;2423,8;2423,8;#N/A N/A;-2,99
07/04/2018;2573,14;2573,14;#N/A N/A;6,16
08/04/2018;2604,31;2604,31;#N/A N/A;1,21
09/04/2018;2513,99;2513,99;#N/A N/A;-3,47
10/04/2018;2556,14;2556,14;#N/A N/A;1,68
11/04/2018;2609,1;2609,1;#N/A N/A;2,07
12/04/2018;2882,16;2882,16;#N/A N/A;10,47
13/04/2018;3183,34;3183,34;#N/A N/A;10,45
14/04/2018;3057,15;3057,15;#N/A N/A;-3,96
15/04/2018;3207,18;3207,18;#N/A N/A;4,91
16/04/2018;3091,05;3091,05;#N/A N/A;-3,62
17/04/2018;3167,03;3167,03;#N/A N/A;2,46
18/04/2018;3157,07;3157,07;#N/A N/A;-0,31
19/04/2018;3327,35;3327,35;#N/A N/A;5,39
20/04/2018;3577,8;3577,8;#N/A N/A;7,53
21/04/2018;3714,49;3714,49;#N/A N/A;3,82
22/04/2018;3800,38;3800,38;#N/A N/A;2,31
23/04/2018;3829,25;3829,25;#N/A N/A;0,76
24/04/2018;4060,15;4060,15;#N/A N/A;6,03
25/04/2018;3712,64;3712,64;#N/A N/A;-8,56
26/04/2018;3697,3;3697,3;#N/A N/A;-0,41
27/04/2018;3893,6;3893,6;#N/A N/A;5,31
28/04/2018;3961,43;3961,43;#N/A N/A;1,74
29/04/2018;3947,55;3947,55;#N/A N/A;-0,35
30/04/2018;3923,1;3923,1;#N/A N/A;-0,62
01/05/2018;3746,95;3746,95;#N/A N/A;-4,49
02/05/2018;3910,78;3910,78;#N/A N/A;4,37
03/05/2018;4084,69;4084,69;#N/A N/A;4,45
04/05/2018;4168,71;4168,71;#N/A N/A;2,06
05/05/2018;4376,66;4376,66;#N/A N/A;4,99
06/05/2018;4165,64;4165,64;#N/A N/A;-4,82
07/05/2018;4020,89;4020,89;#N/A N/A;-3,47
08/05/2018;3978,86;3978,86;#N/A N/A;-1,05
09/05/2018;4013,69;4013,69;#N/A N/A;0,88
10/05/2018;4045,13;4045,13;#N/A N/A;0,78
11/05/2018;3623,98;3623,98;#N/A N/A;-10,41
12/05/2018;3526,4;3526,4;#N/A N/A;-2,69
13/05/2018;3747,44;3747,44;#N/A N/A;6,27
14/05/2018;3793,33;3793,33;#N/A N/A;1,22
15/05/2018;3680,61;3680,61;#N/A N/A;-2,97
16/05/2018;3555,38;3555,38;#N/A N/A;-3,4
17/05/2018;3581,64;3581,64;#N/A N/A;0,74
18/05/2018;3449,29;3449,29;#N/A N/A;-3,7
19/05/2018;3554,11;3554,11;#N/A N/A;3,04
20/05/2018;3593,03;3593,03;#N/A N/A;1,1
21/05/2018;3570,11;3570,11;#N/A N/A;-0,64
22/05/2018;3482,71;3482,71;#N/A N/A;-2,45
23/05/2018;3165,77;3165,77;#N/A N/A;-9,1
24/05/2018;3165,63;3165,63;#N/A N/A;0
25/05/2018;3136,13;3136,13;#N/A N/A;-0,93
26/05/2018;3164,68;3164,68;#N/A N/A;0,91
27/05/2018;3055,98;3055,98;#N/A N/A;-3,43
28/05/2018;2937,33;2937,33;#N/A N/A;-3,88
29/05/2018;3037,91;3037,91;#N/A N/A;3,42
30/05/2018;3005,52;3005,52;#N/A N/A;-1,07
31/05/2018;3118,05;3118,05;#N/A N/A;3,74
01/06/2018;3087,36;3087,36;#N/A N/A;-0,98
02/06/2018;3190,07;3190,07;#N/A N/A;3,33
03/06/2018;3305,74;3305,74;#N/A N/A;3,63
04/06/2018;3168,02;3168,02;#N/A N/A;-4,17
05/06/2018;3223,32;3223,32;#N/A N/A;1,75
06/06/2018;3273,23;3273,23;#N/A N/A;1,55
07/06/2018;3268,89;3268,89;#N/A N/A;-0,13
08/06/2018;3235,8;3235,8;#N/A N/A;-1,01
09/06/2018;3234,1;3234,1;#N/A N/A;-0,05
10/06/2018;3042,04;3042,04;#N/A N/A;-5,94
11/06/2018;2785,94;2785,94;#N/A N/A;-8,42
12/06/2018;2825,89;2825,89;#N/A N/A;1,43
13/06/2018;2589,66;2589,66;#N/A N/A;-8,36
14/06/2018;2595,27;2595,27;#N/A N/A;0,22
15/06/2018;2715;2715;#N/A N/A;4,61
16/06/2018;2622,49;2622,49;#N/A N/A;-3,41
17/06/2018;2684,26;2684,26;#N/A N/A;2,36
18/06/2018;2651,64;2651,64;#N/A N/A;-1,22
19/06/2018;2800,28;2800,28;#N/A N/A;5,61
20/06/2018;2793,95;2793,95;#N/A N/A;-0,23
21/06/2018;2763,71;2763,71;#N/A N/A;-1,08
22/06/2018;2514,95;2514,95;#N/A N/A;-9
23/06/2018;2481,84;2481,84;#N/A N/A;-1,32
24/06/2018;2296,44;2296,44;#N/A N/A;-7,47
25/06/2018;2516,97;2516,97;#N/A N/A;9,6
26/06/2018;2452,89;2452,89;#N/A N/A;-2,55
27/06/2018;2407,23;2407,23;#N/A N/A;-1,86
28/06/2018;2401,53;2401,53;#N/A N/A;-0,24
29/06/2018;2300,62;2300,62;#N/A N/A;-4,2
30/06/2018;2484,92;2484,92;#N/A N/A;8,01
01/07/2018;2462,34;2462,34;#N/A N/A;-0,91
02/07/2018;2599,57;2599,57;#N/A N/A;5,57
03/07/2018;2591,76;2591,76;#N/A N/A;-0,3
04/07/2018;2616,77;2616,77;#N/A N/A;0,96
05/07/2018;2582,1;2582,1;#N/A N/A;-1,32
06/07/2018;2554,2;2554,2;#N/A N/A;-1,08
07/07/2018;2542,72;2542,72;#N/A N/A;-0,45
08/07/2018;2637,04;2637,04;#N/A N/A;3,71
09/07/2018;2608,56;2608,56;#N/A N/A;-1,08
10/07/2018;2447,19;2447,19;#N/A N/A;-6,19
11/07/2018;2442,99;2442,99;#N/A N/A;-0,17
12/07/2018;2374,25;2374,25;#N/A N/A;-2,81
13/07/2018;2417,18;2417,18;#N/A N/A;1,81
14/07/2018;2406,09;2406,09;#N/A N/A;-0,46
15/07/2018;2470,5;2470,5;#N/A N/A;2,68
16/07/2018;2580,86;2580,86;#N/A N/A;4,47
17/07/2018;2625,33;2625,33;#N/A N/A;1,72
18/07/2018;2822,97;2822,97;#N/A N/A;7,53
19/07/2018;2741,62;2741,62;#N/A N/A;-2,88
20/07/2018;2711,65;2711,65;#N/A N/A;-1,09
21/07/2018;2709,02;2709,02;#N/A N/A;-0,1
22/07/2018;2741,49;2741,49;#N/A N/A;1,2
23/07/2018;2766,4;2766,4;#N/A N/A;0,91
24/07/2018;2889,46;2889,46;#N/A N/A;4,45
25/07/2018;2860,27;2860,27;#N/A N/A;-1,01
26/07/2018;2888,35;2888,35;#N/A N/A;0,98
27/07/2018;2854,22;2854,22;#N/A N/A;-1,18
28/07/2018;2836,79;2836,79;#N/A N/A;-0,61
29/07/2018;2874,47;2874,47;#N/A N/A;1,33
30/07/2018;2826,59;2826,59;#N/A N/A;-1,67
31/07/2018;2694,86;2694,86;#N/A N/A;-4,66
01/08/2018;2671,22;2671,22;#N/A N/A;-0,88
02/08/2018;2621,68;2621,68;#N/A N/A;-1,85
03/08/2018;2617,92;2617,92;#N/A N/A;-0,14
04/08/2018;2496,71;2496,71;#N/A N/A;-4,63
05/08/2018;2506,01;2506,01;#N/A N/A;0,37
06/08/2018;2491,12;2491,12;#N/A N/A;-0,59
07/08/2018;2508,4;2508,4;#N/A N/A;0,69
08/08/2018;2234,91;2234,91;#N/A N/A;-10,9
09/08/2018;2220,74;2220,74;#N/A N/A;-0,63
10/08/2018;2208,02;2208,02;#N/A N/A;-0,57
11/08/2018;2013,46;2013,46;#N/A N/A;-8,81
12/08/2018;2084,74;2084,74;#N/A N/A;3,54
13/08/2018;2034,78;2034,78;#N/A N/A;-2,4
14/08/2018;1871,84;1871,84;#N/A N/A;-8,01
15/08/2018;2043,07;2043,07;#N/A N/A;9,15
16/08/2018;2031,92;2031,92;#N/A N/A;-0,55
17/08/2018;2078,29;2078,29;#N/A N/A;2,28
18/08/2018;2061,23;2061,23;#N/A N/A;-0,82
19/08/2018;2107;2107;#N/A N/A;2,22
20/08/2018;2072,26;2072,26;#N/A N/A;-1,65
21/08/2018;2046;2046;#N/A N/A;-1,27
22/08/2018;2053,6;2053,6;#N/A N/A;0,37
23/08/2018;2032,27;2032,27;#N/A N/A;-1,04
24/08/2018;2043,92;2043,92;#N/A N/A;0,57
25/08/2018;2114,42;2114,42;#N/A N/A;3,45
26/08/2018;2081,89;2081,89;#N/A N/A;-1,54
27/08/2018;2108,51;2108,51;#N/A N/A;1,28
28/08/2018;2205,31;2205,31;#N/A N/A;4,59
29/08/2018;2182,88;2182,88;#N/A N/A;-1,02
30/08/2018;2131,06;2131,06;#N/A N/A;-2,37
31/08/2018;2145,62;2145,62;#N/A N/A;0,68
01/09/2018;2254,83;2254,83;#N/A N/A;5,09
02/09/2018;2251,73;2251,73;#N/A N/A;-0,14
03/09/2018;2257,57;2257,57;#N/A N/A;0,26
04/09/2018;2274,99;2274,99;#N/A N/A;0,77
05/09/2018;2088,87;2088,87;#N/A N/A;-8,18
06/09/2018;1914,37;1914,37;#N/A N/A;-8,35
07/09/2018;1888,11;1888,11;#N/A N/A;-1,37
08/09/2018;1901,63;1901,63;#N/A N/A;0,72
09/09/2018;1854,19;1854,19;#N/A N/A;-2,49
10/09/2018;1810,08;1810,08;#N/A N/A;-2,38
11/09/2018;1759,71;1759,71;#N/A N/A;-2,78
12/09/2018;1736,81;1736,81;#N/A N/A;-1,3
13/09/2018;1854,03;1854,03;#N/A N/A;6,75
14/09/2018;1861,26;1861,26;#N/A N/A;0,39
15/09/2018;1909,18;1909,18;#N/A N/A;2,57
16/09/2018;1877,78;1877,78;#N/A N/A;-1,64
17/09/2018;1810,32;1810,32;#N/A N/A;-3,59
18/09/2018;1902,53;1902,53;#N/A N/A;5,09
19/09/2018;1890,96;1890,96;#N/A N/A;-0,61
20/09/2018;1958,68;1958,68;#N/A N/A;3,58
21/09/2018;2283,54;2283,54;#N/A N/A;16,59
22/09/2018;2289,38;2289,38;#N/A N/A;0,26
23/09/2018;2294,25;2294,25;#N/A N/A;0,21
24/09/2018;2209,72;2209,72;#N/A N/A;-3,68
25/09/2018;2050,8;2050,8;#N/A N/A;-7,19
26/09/2018;2212,84;2212,84;#N/A N/A;7,9
27/09/2018;2191,28;2191,28;#N/A N/A;-0,97
28/09/2018;2243,59;2243,59;#N/A N/A;2,39
29/09/2018;2283,6;2283,6;#N/A N/A;1,78
30/09/2018;2308,96;2308,96;#N/A N/A;1,11
01/10/2018;2253,56;2253,56;#N/A N/A;-2,4
02/10/2018;2260,05;2260,05;#N/A N/A;0,29
03/10/2018;2200,24;2200,24;#N/A N/A;-2,65
04/10/2018;2224,23;2224,23;#N/A N/A;1,09
05/10/2018;2209,27;2209,27;#N/A N/A;-0,67
06/10/2018;2184,91;2184,91;#N/A N/A;-1,1
07/10/2018;2160,02;2160,02;#N/A N/A;-1,14
08/10/2018;2209,21;2209,21;#N/A N/A;2,28
09/10/2018;2179,18;2179,18;#N/A N/A;-1,36
10/10/2018;2146,58;2146,58;#N/A N/A;-1,5
11/10/2018;1973,02;1973,02;#N/A N/A;-8,09
12/10/2018;2003,09;2003,09;#N/A N/A;1,52
13/10/2018;1987,78;1987,78;#N/A N/A;-0,76
14/10/2018;2000,72;2000,72;#N/A N/A;0,65
15/10/2018;2105,89;2105,89;#N/A N/A;5,26
16/10/2018;2104,1;2104,1;#N/A N/A;-0,08
17/10/2018;2101,93;2101,93;#N/A N/A;-0,1
18/10/2018;2091,25;2091,25;#N/A N/A;-0,51
19/10/2018;2062,55;2062,55;#N/A N/A;-1,37
20/10/2018;2071,22;2071,22;#N/A N/A;0,42
21/10/2018;2077,08;2077,08;#N/A N/A;0,28
22/10/2018;2064,51;2064,51;#N/A N/A;-0,61
23/10/2018;2047,33;2047,33;#N/A N/A;-0,83
24/10/2018;2071,31;2071,31;#N/A N/A;1,17
25/10/2018;2064,15;2064,15;#N/A N/A;-0,35
26/10/2018;2057,85;2057,85;#N/A N/A;-0,31
27/10/2018;2058,81;2058,81;#N/A N/A;0,05
28/10/2018;2066,18;2066,18;#N/A N/A;0,36
29/10/2018;2005,63;2005,63;#N/A N/A;-2,93
30/10/2018;2002,67;2002,67;#N/A N/A;-0,15
31/10/2018;2022,98;2022,98;#N/A N/A;1,01
01/11/2018;2022,28;2022,28;#N/A N/A;-0,03
02/11/2018;2054,07;2054,07;#N/A N/A;1,57
03/11/2018;2044,86;2044,86;#N/A N/A;-0,45
04/11/2018;2105,77;2105,77;#N/A N/A;2,98
05/11/2018;2132,41;2132,41;#N/A N/A;1,27
06/11/2018;2198,66;2198,66;#N/A N/A;3,11
07/11/2018;2228,17;2228,17;#N/A N/A;1,34
08/11/2018;2167,98;2167,98;#N/A N/A;-2,7
09/11/2018;2147,64;2147,64;#N/A N/A;-0,94
10/11/2018;2155,49;2155,49;#N/A N/A;0,37
11/11/2018;2121,73;2121,73;#N/A N/A;-1,57
12/11/2018;2156,19;2156,19;#N/A N/A;1,62
13/11/2018;2154,42;2154,42;#N/A N/A;-0,08
14/11/2018;1901,85;1901,85;#N/A N/A;-11,72
15/11/2018;1836,41;1836,41;#N/A N/A;-3,44
16/11/2018;1846,22;1846,22;#N/A N/A;0,53
17/11/2018;1857,14;1857,14;#N/A N/A;0,59
18/11/2018;1897,9;1897,9;#N/A N/A;2,19
19/11/2018;1738,45;1738,45;#N/A N/A;-8,4
20/11/2018;1611,51;1611,51;#N/A N/A;-7,3
21/11/2018;1544,3;1544,3;#N/A N/A;-4,17
22/11/2018;1519,99;1519,99;#N/A N/A;-1,57
23/11/2018;1431,19;1431,19;#N/A N/A;-5,84
24/11/2018;1428,26;1428,26;#N/A N/A;-0,2
25/11/2018;1254,6;1254,6;#N/A N/A;-12,16
26/11/2018;1284,32;1284,32;#N/A N/A;2,37
27/11/2018;1256,38;1256,38;#N/A N/A;-2,18
28/11/2018;1393;1393;#N/A N/A;10,87
29/11/2018;1414,63;1414,63;#N/A N/A;1,55
30/11/2018;1323,94;1323,94;#N/A N/A;-6,41
01/12/2018;1387,52;1387,52;#N/A N/A;4,8
02/12/2018;1367,48;1367,48;#N/A N/A;-1,44
03/12/2018;1275,15;1275,15;#N/A N/A;-6,75
04/12/2018;1319,47;1319,47;#N/A N/A;3,48
05/12/2018;1269,37;1269,37;#N/A N/A;-3,8
06/12/2018;1199,24;1199,24;#N/A N/A;-5,52
07/12/2018;1082,36;1082,36;#N/A N/A;-9,75
08/12/2018;1101,33;1101,33;#N/A N/A;1,75
09/12/2018;1176,83;1176,83;#N/A N/A;6,86
10/12/2018;1112,85;1112,85;#N/A N/A;-5,44
11/12/2018;1089,54;1089,54;#N/A N/A;-2,09
12/12/2018;1134,31;1134,31;#N/A N/A;4,11
13/12/2018;1119,44;1119,44;#N/A N/A;-1,31
14/12/2018;1062,23;1062,23;#N/A N/A;-5,11
15/12/2018;1030,56;1030,56;#N/A N/A;-2,98
16/12/2018;1067,87;1067,87;#N/A N/A;3,62
17/12/2018;1123,07;1123,07;#N/A N/A;5,17
18/12/2018;1180,63;1180,63;#N/A N/A;5,13
19/12/2018;1290,74;1290,74;#N/A N/A;9,33
20/12/2018;1348,94;1348,94;#N/A N/A;4,51
21/12/2018;1334,75;1334,75;#N/A N/A;-1,05
22/12/2018;1298,82;1298,82;#N/A N/A;-2,69
23/12/2018;1354,58;1354,58;#N/A N/A;4,29
24/12/2018;1473,4;1473,4;#N/A N/A;8,77
25/12/2018;1316;1316;#N/A N/A;-10,68
26/12/2018;1318,07;1318,07;#N/A N/A;0,16
27/12/2018;1308,68;1308,68;#N/A N/A;-0,71
28/12/2018;1345,13;1345,13;#N/A N/A;2,79
29/12/2018;1375,42;1375,42;#N/A N/A;2,25
30/12/2018;1351,78;1351,78;#N/A N/A;-1,72
31/12/2018;1334,67;1334,67;#N/A N/A;-1,27
01/01/2019;1305,34;1305,34;#N/A N/A;-2,2
02/01/2019;1385,54;1385,54;#N/A N/A;6,14
03/01/2019;1381,81;1381,81;#N/A N/A;-0,27
04/01/2019;1348,91;1348,91;#N/A N/A;-2,38
05/01/2019;1393,05;1393,05;#N/A N/A;3,27
06/01/2019;1388,35;1388,35;#N/A N/A;-0,34
07/01/2019;1411,91;1411,91;#N/A N/A;1,7
08/01/2019;1426,94;1426,94;#N/A N/A;1,06
09/01/2019;1410,32;1410,32;#N/A N/A;-1,16
10/01/2019;1308,12;1308,12;#N/A N/A;-7,25
11/01/2019;1254,67;1254,67;#N/A N/A;-4,09
12/01/2019;1253,42;1253,42;#N/A N/A;-0,1
13/01/2019;1245,19;1245,19;#N/A N/A;-0,66
14/01/2019;1270,28;1270,28;#N/A N/A;2,01
15/01/2019;1251,2;1251,2;#N/A N/A;-1,5
16/01/2019;1239,66;1239,66;#N/A N/A;-0,92
17/01/2019;1236,28;1236,28;#N/A N/A;-0,27
18/01/2019;1237,99;1237,99;#N/A N/A;0,14
19/01/2019;1264,09;1264,09;#N/A N/A;2,11
20/01/2019;1198,91;1198,91;#N/A N/A;-5,16
21/01/2019;1203,21;1203,21;#N/A N/A;0,36
22/01/2019;1217,54;1217,54;#N/A N/A;1,19
23/01/2019;1208,38;1208,38;#N/A N/A;-0,75
24/01/2019;1208,45;1208,45;#N/A N/A;0,01
25/01/2019;1206,04;1206,04;#N/A N/A;-0,2
26/01/2019;1206,68;1206,68;#N/A N/A;0,05
27/01/2019;1190,75;1190,75;#N/A N/A;-1,32
28/01/2019;1123,59;1123,59;#N/A N/A;-5,64
29/01/2019;1130,41;1130,41;#N/A N/A;0,61
30/01/2019;1171,03;1171,03;#N/A N/A;3,59
31/01/2019;1151,96;1151,96;#N/A N/A;-1,63
01/02/2019;1153,53;1153,53;#N/A N/A;0,14
02/02/2019;1152,92;1152,92;#N/A N/A;-0,05
03/02/2019;1151,37;1151,37;#N/A N/A;-0,13
04/02/2019;1138,18;1138,18;#N/A N/A;-1,15
05/02/2019;1135,94;1135,94;#N/A N/A;-0,2
06/02/2019;1117,43;1117,43;#N/A N/A;-1,63
07/02/2019;1138,19;1138,19;#N/A N/A;1,86
08/02/2019;1179,5;1179,5;#N/A N/A;3,63
09/02/2019;1215,43;1215,43;#N/A N/A;3,05
10/02/2019;1206,05;1206,05;#N/A N/A;-0,77
11/02/2019;1212,04;1212,04;#N/A N/A;0,5
12/02/2019;1203,73;1203,73;#N/A N/A;-0,69
13/02/2019;1200,2;1200,2;#N/A N/A;-0,29
14/02/2019;1205,42;1205,42;#N/A N/A;0,43
15/02/2019;1198,47;1198,47;#N/A N/A;-0,58
16/02/2019;1215,68;1215,68;#N/A N/A;1,44
17/02/2019;1211,34;1211,34;#N/A N/A;-0,36
18/02/2019;1309,34;1309,34;#N/A N/A;8,09
19/02/2019;1369,11;1369,11;#N/A N/A;4,56
20/02/2019;1342,59;1342,59;#N/A N/A;-1,94
21/02/2019;1333,09;1333,09;#N/A N/A;-0,71
22/02/2019;1343,35;1343,35;#N/A N/A;0,77
23/02/2019;1338,56;1338,56;#N/A N/A;-0,36
24/02/2019;1279,08;1279,08;#N/A N/A;-4,44
25/02/2019;1285,2;1285,2;#N/A N/A;0,48
26/02/2019;1294,37;1294,37;#N/A N/A;0,71
27/02/2019;1290,4;1290,4;#N/A N/A;-0,31
28/02/2019;1298,9;1298,9;#N/A N/A;0,66
01/03/2019;1300,21;1300,21;#N/A N/A;0,1
02/03/2019;1283,77;1283,77;#N/A N/A;-1,26
03/03/2019;1266,15;1266,15;#N/A N/A;-1,37
04/03/2019;1239,52;1239,52;#N/A N/A;-2,1
05/03/2019;1291,84;1291,84;#N/A N/A;4,22
06/03/2019;1303,6;1303,6;#N/A N/A;0,91
07/03/2019;1308,46;1308,46;#N/A N/A;0,37
08/03/2019;1306,84;1306,84;#N/A N/A;-0,12
09/03/2019;1320,34;1320,34;#N/A N/A;1,03
10/03/2019;1308,71;1308,71;#N/A N/A;-0,88
11/03/2019;1287,41;1287,41;#N/A N/A;-1,63
12/03/2019;1293,04;1293,04;#N/A N/A;0,44
13/03/2019;1294,62;1294,62;#N/A N/A;0,12
14/03/2019;1293,85;1293,85;#N/A N/A;-0,06
15/03/2019;1318,77;1318,77;#N/A N/A;1,93
16/03/2019;1349,62;1349,62;#N/A N/A;2,34
17/03/2019;1346,6;1346,6;#N/A N/A;-0,22
18/03/2019;1340,22;1340,22;#N/A N/A;-0,47
19/03/2019;1343,46;1343,46;#N/A N/A;0,24
20/03/2019;1351,01;1351,01;#N/A N/A;0,56
21/03/2019;1318,5;1318,5;#N/A N/A;-2,41
22/03/2019;1328,52;1328,52;#N/A N/A;0,76
23/03/2019;1338,75;1338,75;#N/A N/A;0,77
24/03/2019;1327,05;1327,05;#N/A N/A;-0,87
25/03/2019;1310,55;1310,55;#N/A N/A;-1,24
26/03/2019;1298,85;1298,85;#N/A N/A;-0,89
27/03/2019;1340,39;1340,39;#N/A N/A;3,2
28/03/2019;1339,93;1339,93;#N/A N/A;-0,03
29/03/2019;1355,72;1355,72;#N/A N/A;1,18
30/03/2019;1360,37;1360,37;#N/A N/A;0,34
31/03/2019;1363,88;1363,88;#N/A N/A;0,26
01/04/2019;1368,44;1368,44;#N/A N/A;0,33
02/04/2019;1539,57;1539,57;#N/A N/A;12,51
03/04/2019;1659,19;1659,19;#N/A N/A;7,77
04/04/2019;1621,2;1621,2;#N/A N/A;-2,29
05/04/2019;1653,14;1653,14;#N/A N/A;1,97
06/04/2019;1667,63;1667,63;#N/A N/A;0,88
07/04/2019;1693,25;1693,25;#N/A N/A;1,54
08/04/2019;1719,37;1719,37;#N/A N/A;1,54
09/04/2019;1698,82;1698,82;#N/A N/A;-1,2
10/04/2019;1725,24;1725,24;#N/A N/A;1,56
11/04/2019;1607,76;1607,76;#N/A N/A;-6,81
12/04/2019;1617,08;1617,08;#N/A N/A;0,58
13/04/2019;1625,75;1625,75;#N/A N/A;0,54
14/04/2019;1615,36;1615,36;#N/A N/A;-0,64
15/04/2019;1645,02;1645,02;#N/A N/A;1,84
16/04/2019;1608,55;1608,55;#N/A N/A;-2,22
17/04/2019;1658,57;1658,57;#N/A N/A;3,11
18/04/2019;1676,92;1676,92;#N/A N/A;1,11
19/04/2019;1667,5;1667,5;#N/A N/A;-0,56
20/04/2019;1677,8;1677,8;#N/A N/A;0,62
21/04/2019;1644,13;1644,13;#N/A N/A;-2,01
22/04/2019;1666,49;1666,49;#N/A N/A;1,36
23/04/2019;1718,62;1718,62;#N/A N/A;3,13
24/04/2019;1639,43;1639,43;#N/A N/A;-4,61
25/04/2019;1646,13;1646,13;#N/A N/A;0,41
26/04/2019;1575,48;1575,48;#N/A N/A;-4,29
27/04/2019;1577,13;1577,13;#N/A N/A;0,1
28/04/2019;1584,96;1584,96;#N/A N/A;0,5
29/04/2019;1554,62;1554,62;#N/A N/A;-1,91
30/04/2019;1617,89;1617,89;#N/A N/A;4,07
01/05/2019;1618,04;1618,04;#N/A N/A;0,01
02/05/2019;1640,1;1640,1;#N/A N/A;1,36
03/05/2019;1719,45;1719,45;#N/A N/A;4,84
04/05/2019;1662,88;1662,88;#N/A N/A;-3,29
05/05/2019;1689,97;1689,97;#N/A N/A;1,63
06/05/2019;1691,58;1691,58;#N/A N/A;0,1
07/05/2019;1720,21;1720,21;#N/A N/A;1,69
08/05/2019;1713,23;1713,23;#N/A N/A;-0,41
09/05/2019;1726,69;1726,69;#N/A N/A;0,79
10/05/2019;1767,06;1767,06;#N/A N/A;2,34
11/05/2019;1931,63;1931,63;#N/A N/A;9,31
12/05/2019;1928,98;1928,98;#N/A N/A;-0,14
13/05/2019;2053,9;2053,9;#N/A N/A;6,48
14/05/2019;2292,29;2292,29;#N/A N/A;11,61
15/05/2019;2315,22;2315,22;#N/A N/A;1
16/05/2019;2377,46;2377,46;#N/A N/A;2,69
17/05/2019;2126,77;2126,77;#N/A N/A;-10,54
18/05/2019;2171,11;2171,11;#N/A N/A;2,08
19/05/2019;2342,59;2342,59;#N/A N/A;7,9
20/05/2019;2283,88;2283,88;#N/A N/A;-2,51
21/05/2019;2327,41;2327,41;#N/A N/A;1,91
22/05/2019;2305,62;2305,62;#N/A N/A;-0,94
23/05/2019;2238,9;2238,9;#N/A N/A;-2,89
24/05/2019;2351,82;2351,82;#N/A N/A;5,04
25/05/2019;2341,97;2341,97;#N/A N/A;-0,42
26/05/2019;2318,15;2318,15;#N/A N/A;-1,02
27/05/2019;2531,13;2531,13;#N/A N/A;9,19
28/05/2019;2533;2533;#N/A N/A;0,07
29/05/2019;2576,58;2576,58;#N/A N/A;1,72
30/05/2019;2623,84;2623,84;#N/A N/A;1,83
31/05/2019;2475,11;2475,11;#N/A N/A;-5,67
01/06/2019;2487,23;2487,23;#N/A N/A;0,49
02/06/2019;2552,1;2552,1;#N/A N/A;2,61
03/06/2019;2474,12;2474,12;#N/A N/A;-3,06
04/06/2019;2346,23;2346,23;#N/A N/A;-5,17
05/06/2019;2266,28;2266,28;#N/A N/A;-3,41
06/06/2019;2274,84;2274,84;#N/A N/A;0,38
07/06/2019;2371,11;2371,11;#N/A N/A;4,23
08/06/2019;2357,56;2357,56;#N/A N/A;-0,57
09/06/2019;2302,35;2302,35;#N/A N/A;-2,34
10/06/2019;2343,02;2343,02;#N/A N/A;1,77
11/06/2019;2299,12;2299,12;#N/A N/A;-1,87
12/06/2019;2368,45;2368,45;#N/A N/A;3,02
13/06/2019;2412,04;2412,04;#N/A N/A;1,84
14/06/2019;2433,61;2433,61;#N/A N/A;0,89
15/06/2019;2516,54;2516,54;#N/A N/A;3,41
16/06/2019;2626,49;2626,49;#N/A N/A;4,37
17/06/2019;2675,41;2675,41;#N/A N/A;1,86
18/06/2019;2608,8;2608,8;#N/A N/A;-2,49
19/06/2019;2592,36;2592,36;#N/A N/A;-0,63
20/06/2019;2633,38;2633,38;#N/A N/A;1,58
21/06/2019;2751,8;2751,8;#N/A N/A;4,5
22/06/2019;3001,55;3001,55;#N/A N/A;9,08
23/06/2019;2988,45;2988,45;#N/A N/A;-0,44
24/06/2019;3000,11;3000,11;#N/A N/A;0,39
25/06/2019;3040,6;3040,6;#N/A N/A;1,35
26/06/2019;3346,38;3346,38;#N/A N/A;10,06
27/06/2019;3061,39;3061,39;#N/A N/A;-8,52
28/06/2019;2995,61;2995,61;#N/A N/A;-2,15
29/06/2019;3043,48;3043,48;#N/A N/A;1,6
30/06/2019;2905,52;2905,52;#N/A N/A;-4,53
01/07/2019;2710,95;2710,95;#N/A N/A;-6,7
02/07/2019;2780,24;2780,24;#N/A N/A;2,56
03/07/2019;2918,4;2918,4;#N/A N/A;4,97
04/07/2019;2985,67;2985,67;#N/A N/A;2,31
05/07/2019;2882,87;2882,87;#N/A N/A;-3,44
06/07/2019;2943,13;2943,13;#N/A N/A;2,09
07/07/2019;2898,83;2898,83;#N/A N/A;-1,51
08/07/2019;3014,16;3014,16;#N/A N/A;3,98
09/07/2019;3060,63;3060,63;#N/A N/A;1,54
10/07/2019;3026,97;3026,97;#N/A N/A;-1,1
11/07/2019;2794,32;2794,32;#N/A N/A;-7,69
12/07/2019;2795,68;2795,68;#N/A N/A;0,05
13/07/2019;2725,47;2725,47;#N/A N/A;-2,51
14/07/2019;2524,48;2524,48;#N/A N/A;-7,37
15/07/2019;2510,79;2510,79;#N/A N/A;-0,54
16/07/2019;2443,47;2443,47;#N/A N/A;-2,68
17/07/2019;2347,94;2347,94;#N/A N/A;-3,91
18/07/2019;2470,25;2470,25;#N/A N/A;5,21
19/07/2019;2449,81;2449,81;#N/A N/A;-0,83
20/07/2019;2538,79;2538,79;#N/A N/A;3,63
21/07/2019;2488,92;2488,92;#N/A N/A;-1,96
22/07/2019;2432,11;2432,11;#N/A N/A;-2,28
23/07/2019;2379,87;2379,87;#N/A N/A;-2,15
24/07/2019;2381,88;2381,88;#N/A N/A;0,08
25/07/2019;2410,46;2410,46;#N/A N/A;1,2
26/07/2019;2376,74;2376,74;#N/A N/A;-1,4
27/07/2019;2288,69;2288,69;#N/A N/A;-3,7
28/07/2019;2303,73;2303,73;#N/A N/A;0,66
29/07/2019;2308,25;2308,25;#N/A N/A;0,2
30/07/2019;2336,32;2336,32;#N/A N/A;1,22
31/07/2019;2416,09;2416,09;#N/A N/A;3,41
01/08/2019;2401,18;2401,18;#N/A N/A;-0,62
02/08/2019;2495,27;2495,27;#N/A N/A;3,92
03/08/2019;2526,88;2526,88;#N/A N/A;1,27
04/08/2019;2523,67;2523,67;#N/A N/A;-0,13
05/08/2019;2684,53;2684,53;#N/A N/A;6,37
06/08/2019;2647,72;2647,72;#N/A N/A;-1,37
07/08/2019;2682,45;2682,45;#N/A N/A;1,31
08/08/2019;2601,48;2601,48;#N/A N/A;-3,02
09/08/2019;2563,43;2563,43;#N/A N/A;-1,46
10/08/2019;2492,33;2492,33;#N/A N/A;-2,77
11/08/2019;2524,07;2524,07;#N/A N/A;1,27
12/08/2019;2530,19;2530,19;#N/A N/A;0,24
13/08/2019;2455,12;2455,12;#N/A N/A;-2,97
14/08/2019;2388,1;2388,1;#N/A N/A;-2,73
15/08/2019;2220,11;2220,11;#N/A N/A;-7,03
16/08/2019;2223,56;2223,56;#N/A N/A;0,16
17/08/2019;2263,62;2263,62;#N/A N/A;1,8
18/08/2019;2321,93;2321,93;#N/A N/A;2,58
19/08/2019;2389,83;2389,83;#N/A N/A;2,92
20/08/2019;2337,08;2337,08;#N/A N/A;-2,21
21/08/2019;2212,22;2212,22;#N/A N/A;-5,34
22/08/2019;2253,11;2253,11;#N/A N/A;1,85
23/08/2019;2318,96;2318,96;#N/A N/A;2,92
24/08/2019;2229,19;2229,19;#N/A N/A;-3,87
25/08/2019;2242,51;2242,51;#N/A N/A;0,6
26/08/2019;2277,59;2277,59;#N/A N/A;1,56
27/08/2019;2253,48;2253,48;#N/A N/A;-1,06
28/08/2019;2256,08;2256,08;#N/A N/A;0,12
29/08/2019;2056,29;2056,29;#N/A N/A;-8,86
30/08/2019;2105,7;2105,7;#N/A N/A;2,4
31/08/2019;2103,5;2103,5;#N/A N/A;-0,1
01/09/2019;2107,7;2107,7;#N/A N/A;0,2
02/09/2019;2156,68;2156,68;#N/A N/A;2,32
03/09/2019;2273,49;2273,49;#N/A N/A;5,42
04/09/2019;2221,77;2221,77;#N/A N/A;-2,27
05/09/2019;2220,11;2220,11;#N/A N/A;-0,07
06/09/2019;2276,55;2276,55;#N/A N/A;2,54
07/09/2019;2222,07;2222,07;#N/A N/A;-2,39
08/09/2019;2261,72;2261,72;#N/A N/A;1,78
09/09/2019;2245,33;2245,33;#N/A N/A;-0,72
10/09/2019;2222,61;2222,61;#N/A N/A;-1,01
11/09/2019;2178,11;2178,11;#N/A N/A;-2
12/09/2019;2224,76;2224,76;#N/A N/A;2,14
13/09/2019;2209,05;2209,05;#N/A N/A;-0,71
14/09/2019;2255,77;2255,77;#N/A N/A;2,11
15/09/2019;2247,7;2247,7;#N/A N/A;-0,36
16/09/2019;2239,68;2239,68;#N/A N/A;-0,36
17/09/2019;2317,04;2317,04;#N/A N/A;3,45
18/09/2019;2413,6;2413,6;#N/A N/A;4,17
19/09/2019;2316,96;2316,96;#N/A N/A;-4
20/09/2019;2369,66;2369,66;#N/A N/A;2,27
21/09/2019;2343,52;2343,52;#N/A N/A;-1,1
22/09/2019;2309,06;2309,06;#N/A N/A;-1,47
23/09/2019;2288,95;2288,95;#N/A N/A;-0,87
24/09/2019;2153,16;2153,16;#N/A N/A;-5,93
25/09/2019;1905,41;1905,41;#N/A N/A;-11,51
26/09/2019;1874,98;1874,98;#N/A N/A;-1,6
27/09/2019;1840,56;1840,56;#N/A N/A;-1,84
28/09/2019;1876,08;1876,08;#N/A N/A;1,93
29/09/2019;1846,15;1846,15;#N/A N/A;-1,6
30/09/2019;1943,04;1943,04;#N/A N/A;5,25
01/10/2019;1949,45;1949,45;#N/A N/A;0,33
02/10/2019;1930,07;1930,07;#N/A N/A;-0,99
03/10/2019;1888,91;1888,91;#N/A N/A;-2,13
04/10/2019;1930,84;1930,84;#N/A N/A;2,22
05/10/2019;1902,93;1902,93;#N/A N/A;-1,45
06/10/2019;1893,06;1893,06;#N/A N/A;-0,52
07/10/2019;1969,61;1969,61;#N/A N/A;4,04
08/10/2019;1970,34;1970,34;#N/A N/A;0,04
09/10/2019;2049,08;2049,08;#N/A N/A;4
10/10/2019;2035,4;2035,4;#N/A N/A;-0,67
11/10/2019;1984,14;1984,14;#N/A N/A;-2,52
12/10/2019;2000,72;2000,72;#N/A N/A;0,84
13/10/2019;2013,77;2013,77;#N/A N/A;0,65
14/10/2019;2007,12;2007,12;#N/A N/A;-0,33
15/10/2019;2006,57;2006,57;#N/A N/A;-0,03
16/10/2019;1931,1;1931,1;#N/A N/A;-3,76
17/10/2019;1982,05;1982,05;#N/A N/A;2,64
18/10/2019;1935,7;1935,7;#N/A N/A;-2,34
19/10/2019;1962,09;1962,09;#N/A N/A;1,36
20/10/2019;1957,08;1957,08;#N/A N/A;-0,26
21/10/2019;2003,34;2003,34;#N/A N/A;2,36
22/10/2019;1985,98;1985,98;#N/A N/A;-0,87
23/10/2019;1817,2;1817,2;#N/A N/A;-8,5
24/10/2019;1839,73;1839,73;#N/A N/A;1,24
25/10/2019;1886,29;1886,29;#N/A N/A;2,53
26/10/2019;2114,87;2114,87;#N/A N/A;12,12
27/10/2019;2171,2;2171,2;#N/A N/A;2,66
28/10/2019;2174,02;2174,02;#N/A N/A;0,13
29/10/2019;2185,75;2185,75;#N/A N/A;0,54
30/10/2019;2132,56;2132,56;#N/A N/A;-2,43
31/10/2019;2145,22;2145,22;#N/A N/A;0,59
01/11/2019;2120,99;2120,99;#N/A N/A;-1,13
02/11/2019;2145,31;2145,31;#N/A N/A;1,15
03/11/2019;2135,64;2135,64;#N/A N/A;-0,45
04/11/2019;2155,95;2155,95;#N/A N/A;0,95
05/11/2019;2183,19;2183,19;#N/A N/A;1,26
06/11/2019;2206,15;2206,15;#N/A N/A;1,05
07/11/2019;2145,57;2145,57;#N/A N/A;-2,75
08/11/2019;2068,5;2068,5;#N/A N/A;-3,59
09/11/2019;2073,21;2073,21;#N/A N/A;0,23
10/11/2019;2085,92;2085,92;#N/A N/A;0,61
11/11/2019;2060,96;2060,96;#N/A N/A;-1,2
12/11/2019;2053,09;2053,09;#N/A N/A;-0,38
13/11/2019;2065,41;2065,41;#N/A N/A;0,6
14/11/2019;2051,31;2051,31;#N/A N/A;-0,68
15/11/2019;1986;1986;#N/A N/A;-3,18
16/11/2019;1998,03;1998,03;#N/A N/A;0,61
17/11/2019;2013,36;2013,36;#N/A N/A;0,77
18/11/2019;1975,34;1975,34;#N/A N/A;-1,89
19/11/2019;1900,66;1900,66;#N/A N/A;-3,78
20/11/2019;1912,6;1912,6;#N/A N/A;0,63
21/11/2019;1792,98;1792,98;#N/A N/A;-6,25
22/11/2019;1677,43;1677,43;#N/A N/A;-6,44
23/11/2019;1714,83;1714,83;#N/A N/A;2,23
24/11/2019;1651,74;1651,74;#N/A N/A;-3,68
25/11/2019;1684,79;1684,79;#N/A N/A;2
26/11/2019;1645,02;1645,02;#N/A N/A;-2,36
27/11/2019;1697,01;1697,01;#N/A N/A;3,16
28/11/2019;1747,44;1747,44;#N/A N/A;2,97
29/11/2019;1785,62;1785,62;#N/A N/A;2,18
30/11/2019;1727,05;1727,05;#N/A N/A;-3,28
01/12/2019;1683,53;1683,53;#N/A N/A;-2,52
02/12/2019;1668,58;1668,58;#N/A N/A;-0,89
03/12/2019;1683,02;1683,02;#N/A N/A;0,87
04/12/2019;1700,58;1700,58;#N/A N/A;1,04
05/12/2019;1668,35;1668,35;#N/A N/A;-1,9
06/12/2019;1686,96;1686,96;#N/A N/A;1,12
07/12/2019;1711,9;1711,9;#N/A N/A;1,48
08/12/2019;1731,26;1731,26;#N/A N/A;1,13
09/12/2019;1698,11;1698,11;#N/A N/A;-1,91
10/12/2019;1657,43;1657,43;#N/A N/A;-2,4
11/12/2019;1645,54;1645,54;#N/A N/A;-0,72
12/12/2019;1647,54;1647,54;#N/A N/A;0,12
13/12/2019;1660,14;1660,14;#N/A N/A;0,76
14/12/2019;1620,62;1620,62;#N/A N/A;-2,38
15/12/2019;1633,6;1633,6;#N/A N/A;0,8
16/12/2019;1615,92;1615,92;#N/A N/A;-1,08
17/12/2019;1497,58;1497,58;#N/A N/A;-7,32
18/12/2019;1505,75;1505,75;#N/A N/A;0,55
19/12/2019;1542,32;1542,32;#N/A N/A;2,43
20/12/2019;1548,93;1548,93;#N/A N/A;0,43
21/12/2019;1547,58;1547,58;#N/A N/A;-0,09
22/12/2019;1560,69;1560,69;#N/A N/A;0,85
23/12/2019;1625,22;1625,22;#N/A N/A;4,13
24/12/2019;1560,77;1560,77;#N/A N/A;-3,97
25/12/2019;1537,15;1537,15;#N/A N/A;-1,51
26/12/2019;1549,11;1549,11;#N/A N/A;0,78
27/12/2019;1554,82;1554,82;#N/A N/A;0,37
28/12/2019;1577,28;1577,28;#N/A N/A;1,44
29/12/2019;1604,07;1604,07;#N/A N/A;1,7
30/12/2019;1577,08;1577,08;#N/A N/A;-1,68
31/12/2019;1565,45;1565,45;#N/A N/A;-0,74
01/01/2020;1579,99;1579,99;#N/A N/A;0,93
02/01/2020;1554,97;1554,97;#N/A N/A;-1,58
03/01/2020;1591,07;1591,07;#N/A N/A;2,32
04/01/2020;1594,83;1594,83;#N/A N/A;0,24
05/01/2020;1631,15;1631,15;#N/A N/A;2,28
06/01/2020;1677,16;1677,16;#N/A N/A;2,82
07/01/2020;1694,07;1694,07;#N/A N/A;1,01
08/01/2020;1767,57;1767,57;#N/A N/A;4,34
09/01/2020;1699;1699;#N/A N/A;-3,88
10/01/2020;1750,2;1750,2;#N/A N/A;3,01
11/01/2020;1764,09;1764,09;#N/A N/A;0,79
12/01/2020;1781,16;1781,16;#N/A N/A;0,97
13/01/2020;1756,91;1756,91;#N/A N/A;-1,36
14/01/2020;1923,24;1923,24;#N/A N/A;9,47
15/01/2020;1952,62;1952,62;#N/A N/A;1,53
16/01/2020;1934,2;1934,2;#N/A N/A;-0,94
17/01/2020;1987,91;1987,91;#N/A N/A;2,78
18/01/2020;2030,5;2030,5;#N/A N/A;2,14
19/01/2020;1944,57;1944,57;#N/A N/A;-4,23
20/01/2020;1959,23;1959,23;#N/A N/A;0,75
21/01/2020;1964,1;1964,1;#N/A N/A;0,25
22/01/2020;1961,87;1961,87;#N/A N/A;-0,11
23/01/2020;1896,78;1896,78;#N/A N/A;-3,32
24/01/2020;1902,8;1902,8;#N/A N/A;0,32
25/01/2020;1864,76;1864,76;#N/A N/A;-2
26/01/2020;1899,93;1899,93;#N/A N/A;1,89
27/01/2020;1986,86;1986,86;#N/A N/A;4,58
28/01/2020;2020,86;2020,86;#N/A N/A;1,71
29/01/2020;2061,35;2061,35;#N/A N/A;2
30/01/2020;2096,18;2096,18;#N/A N/A;1,69
31/01/2020;2095,38;2095,38;#N/A N/A;-0,04
01/02/2020;2102,78;2102,78;#N/A N/A;0,35
02/02/2020;2179,3;2179,3;#N/A N/A;3,64
03/02/2020;2123,64;2123,64;#N/A N/A;-2,55
04/02/2020;2151,63;2151,63;#N/A N/A;1,32
05/02/2020;2248,41;2248,41;#N/A N/A;4,5
06/02/2020;2320,79;2320,79;#N/A N/A;3,22
07/02/2020;2339,56;2339,56;#N/A N/A;0,81
08/02/2020;2353,47;2353,47;#N/A N/A;0,59
09/02/2020;2394,51;2394,51;#N/A N/A;1,74
10/02/2020;2351,48;2351,48;#N/A N/A;-1,8
11/02/2020;2410,59;2410,59;#N/A N/A;2,51
12/02/2020;2520,86;2520,86;#N/A N/A;4,57
13/02/2020;2610,81;2610,81;#N/A N/A;3,57
14/02/2020;2623,14;2623,14;#N/A N/A;0,47
15/02/2020;2566,52;2566,52;#N/A N/A;-2,16
16/02/2020;2459,3;2459,3;#N/A N/A;-4,18
17/02/2020;2395,6;2395,6;#N/A N/A;-2,59
18/02/2020;2473,97;2473,97;#N/A N/A;3,27
19/02/2020;2538,9;2538,9;#N/A N/A;2,62
20/02/2020;2348,99;2348,99;#N/A N/A;-7,48
21/02/2020;2406,44;2406,44;#N/A N/A;2,45
22/02/2020;2381,71;2381,71;#N/A N/A;-1,03
23/02/2020;2454,7;2454,7;#N/A N/A;3,06
24/02/2020;2407,37;2407,37;#N/A N/A;-1,93
25/02/2020;2296,73;2296,73;#N/A N/A;-4,6
26/02/2020;2129,72;2129,72;#N/A N/A;-7,27
27/02/2020;2135,69;2135,69;#N/A N/A;0,28
28/02/2020;2100,59;2100,59;#N/A N/A;-1,64
29/02/2020;2080,77;2080,77;#N/A N/A;-0,94
01/03/2020;2054,98;2054,98;#N/A N/A;-1,24
02/03/2020;2120,25;2120,25;#N/A N/A;3,18
03/03/2020;2097,04;2097,04;#N/A N/A;-1,09
04/03/2020;2076,84;2076,84;#N/A N/A;-0,96
05/03/2020;2166,83;2166,83;#N/A N/A;4,33
06/03/2020;2165,57;2165,57;#N/A N/A;-0,06
07/03/2020;2209,32;2209,32;#N/A N/A;2,02
08/03/2020;1993,13;1993,13;#N/A N/A;-9,79
09/03/2020;1822,24;1822,24;#N/A N/A;-8,57
10/03/2020;1837,19;1837,19;#N/A N/A;0,82
11/03/2020;1824,51;1824,51;#N/A N/A;-0,69
12/03/2020;1412,82;1412,82;#N/A N/A;-22,56
13/03/2020;1232,13;1232,13;#N/A N/A;-12,79
14/03/2020;1255,78;1255,78;#N/A N/A;1,92
15/03/2020;1256,79;1256,79;#N/A N/A;0,08
16/03/2020;1202,49;1202,49;#N/A N/A;-4,32
17/03/2020;1178,83;1178,83;#N/A N/A;-1,97
18/03/2020;1190,18;1190,18;#N/A N/A;0,96
19/03/2020;1288,46;1288,46;#N/A N/A;8,26
20/03/2020;1503,29;1503,29;#N/A N/A;16,67
21/03/2020;1410,64;1410,64;#N/A N/A;-6,16
22/03/2020;1372,84;1372,84;#N/A N/A;-2,68
23/03/2020;1398,33;1398,33;#N/A N/A;1,86
24/03/2020;1470,38;1470,38;#N/A N/A;5,15
25/03/2020;1470,2;1470,2;#N/A N/A;-0,01
26/03/2020;1472,02;1472,02;#N/A N/A;0,12
27/03/2020;1497,88;1497,88;#N/A N/A;1,76
28/03/2020;1416,61;1416,61;#N/A N/A;-5,43
29/03/2020;1415,86;1415,86;#N/A N/A;-0,05
30/03/2020;1444,42;1444,42;#N/A N/A;2,02
31/03/2020;1470,06;1470,06;#N/A N/A;1,78
01/04/2020;1434,89;1434,89;#N/A N/A;-2,39
02/04/2020;1530,18;1530,18;#N/A N/A;6,64
03/04/2020;1539,26;1539,26;#N/A N/A;0,59
04/04/2020;1529,72;1529,72;#N/A N/A;-0,62
05/04/2020;1541,05;1541,05;#N/A N/A;0,74
06/04/2020;1627,67;1627,67;#N/A N/A;5,62
07/04/2020;1701,69;1701,69;#N/A N/A;4,55
08/04/2020;1684,62;1684,62;#N/A N/A;-1
09/04/2020;1719,26;1719,26;#N/A N/A;2,06
10/04/2020;1594,03;1594,03;#N/A N/A;-7,28
13/04/2020;1557,16;1557,16;#N/A N/A;-2,31
14/04/2020;1601,18;1601,18;#N/A N/A;2,83
15/04/2020;1566,48;1566,48;#N/A N/A;-2,17
16/04/2020;1648,98;1648,98;#N/A N/A;5,27
17/04/2020;1645,42;1645,42;#N/A N/A;-0,22
20/04/2020;1658,85;1658,85;#N/A N/A;0,82
21/04/2020;1609,36;1609,36;#N/A N/A;-2,98
22/04/2020;1678,38;1678,38;#N/A N/A;4,29
23/04/2020;1743;1743;#N/A N/A;3,85
24/04/2020;1751,65;1751,65;#N/A N/A;0,5
27/04/2020;1786,59;1786,59;#N/A N/A;1,99
28/04/2020;1810,11;1810,11;#N/A N/A;1,32
29/04/2020;1957,87;1957,87;#N/A N/A;8,16
30/04/2020;2007,31;2007,31;#N/A N/A;2,53
01/05/2020;2008,67;2008,67;#N/A N/A;0,07
04/05/2020;1978,31;1978,31;#N/A N/A;-1,51
05/05/2020;1990,2;1990,2;#N/A N/A;0,6
06/05/2020;2046,26;2046,26;#N/A N/A;2,82
07/05/2020;2124,85;2124,85;#N/A N/A;3,84
08/05/2020;2153,32;2153,32;#N/A N/A;1,34
11/05/2020;1906,22;1906,22;#N/A N/A;-11,48
12/05/2020;1926,76;1926,76;#N/A N/A;1,08
13/05/2020;1962,14;1962,14;#N/A N/A;1,84
14/05/2020;2032,77;2032,77;#N/A N/A;3,6
15/05/2020;1987,3;1987,3;#N/A N/A;-2,24
18/05/2020;2082,83;2082,83;#N/A N/A;4,81
19/05/2020;2078,76;2078,76;#N/A N/A;-0,2
20/05/2020;2092,55;2092,55;#N/A N/A;0,66
21/05/2020;1950,46;1950,46;#N/A N/A;-6,79
22/05/2020;1978,58;1978,58;#N/A N/A;1,44
25/05/2020;1918,27;1918,27;#N/A N/A;-3,05
26/05/2020;1928,66;1928,66;#N/A N/A;0,54
27/05/2020;1982,26;1982,26;#N/A N/A;2,78
28/05/2020;2036,26;2036,26;#N/A N/A;2,72
29/05/2020;2040,16;2040,16;#N/A N/A;0,19
01/06/2020;2146,32;2146,32;#N/A N/A;5,2
02/06/2020;2110,64;2110,64;#N/A N/A;-1,66
03/06/2020;2128,89;2128,89;#N/A N/A;0,86
04/06/2020;2151,11;2151,11;#N/A N/A;1,04
05/06/2020;2144,77;2144,77;#N/A N/A;-0,29
08/06/2020;2142,36;2142,36;#N/A N/A;-0,11
09/06/2020;2153,69;2153,69;#N/A N/A;0,53
10/06/2020;2178,83;2178,83;#N/A N/A;1,17
11/06/2020;2049,88;2049,88;#N/A N/A;-5,92
12/06/2020;2084,29;2084,29;#N/A N/A;1,68
15/06/2020;2069,7;2069,7;#N/A N/A;-0,7
16/06/2020;2077,55;2077,55;#N/A N/A;0,38
17/06/2020;2062,84;2062,84;#N/A N/A;-0,71
18/06/2020;2040,34;2040,34;#N/A N/A;-1,09
19/06/2020;2029,1;2029,1;#N/A N/A;-0,55
22/06/2020;2116,94;2116,94;#N/A N/A;4,33
23/06/2020;2106,87;2106,87;#N/A N/A;-0,48
24/06/2020;2025,12;2025,12;#N/A N/A;-3,88
25/06/2020;2031,14;2031,14;#N/A N/A;0,3
26/06/2020;2012,33;2012,33;#N/A N/A;-0,93
29/06/2020;1994,39;1994,39;#N/A N/A;-0,89
30/06/2020;1978,05;1978,05;#N/A N/A;-0,82
01/07/2020;2002,04;2002,04;#N/A N/A;1,21
02/07/2020;1968,62;1968,62;#N/A N/A;-1,67
03/07/2020;1974,46;1974,46;#N/A N/A;0,3
06/07/2020;2048,4;2048,4;#N/A N/A;3,74
07/07/2020;2033,67;2033,67;#N/A N/A;-0,72
08/07/2020;2116,05;2116,05;#N/A N/A;4,05
09/07/2020;2075,89;2075,89;#N/A N/A;-1,9
10/07/2020;2060,71;2060,71;#N/A N/A;-0,73
13/07/2020;2065,09;2065,09;#N/A N/A;0,21
14/07/2020;2065,57;2065,57;#N/A N/A;0,02
15/07/2020;2053,77;2053,77;#N/A N/A;-0,57
16/07/2020;2016,57;2016,57;#N/A N/A;-1,81
17/07/2020;2023,67;2023,67;#N/A N/A;0,35
20/07/2020;2034,64;2034,64;#N/A N/A;0,54
21/07/2020;2089,18;2089,18;#N/A N/A;2,68
22/07/2020;2093;2093;#N/A N/A;0,18
23/07/2020;2201,26;2201,26;#N/A N/A;5,17
24/07/2020;2225,02;2225,02;#N/A N/A;1,08
27/07/2020;2505,43;2505,43;#N/A N/A;12,6
28/07/2020;2544,69;2544,69;#N/A N/A;1,57
29/07/2020;2596,77;2596,77;#N/A N/A;2,05
30/07/2020;2621,73;2621,73;#N/A N/A;0,96
31/07/2020;2695,02;2695,02;#N/A N/A;2,8
03/08/2020;2880,02;2880,02;#N/A N/A;6,86
04/08/2020;2835,32;2835,32;#N/A N/A;-1,55
05/08/2020;2942,67;2942,67;#N/A N/A;3,79
06/08/2020;2940,31;2940,31;#N/A N/A;-0,08
07/08/2020;2840,74;2840,74;#N/A N/A;-3,39
10/08/2020;2902,98;2902,98;#N/A N/A;2,19
11/08/2020;2751,14;2751,14;#N/A N/A;-5,23
12/08/2020;2818,33;2818,33;#N/A N/A;2,44
13/08/2020;2906,62;2906,62;#N/A N/A;3,13
14/08/2020;2999,3;2999,3;#N/A N/A;3,19
17/08/2020;3124,93;3124,93;#N/A N/A;4,19
18/08/2020;3045,02;3045,02;#N/A N/A;-2,56
19/08/2020;2913,08;2913,08;#N/A N/A;-4,33
20/08/2020;2961,69;2961,69;#N/A N/A;1,67
21/08/2020;2840,07;2840,07;#N/A N/A;-4,11
23/08/2020;2845,07;2845,07;#N/A N/A;0,18
24/08/2020;2914,7;2914,7;#N/A N/A;2,45
25/08/2020;2774,86;2774,86;#N/A N/A;-4,8
26/08/2020;2824,16;2824,16;#N/A N/A;1,78
27/08/2020;2746,64;2746,64;#N/A N/A;-2,74
28/08/2020;2812,73;2812,73;#N/A N/A;2,41
29/08/2020;2828,82;2828,82;#N/A N/A;0,57
30/08/2020;2895,21;2895,21;#N/A N/A;2,35
31/08/2020;2939,82;2939,82;#N/A N/A;1,54
01/09/2020;3104,63;3104,63;#N/A N/A;5,61
02/09/2020;2897,92;2897,92;#N/A N/A;-6,66
03/09/2020;2713,74;2713,74;#N/A N/A;-6,36
04/09/2020;2643,3;2643,3;#N/A N/A;-2,6
05/09/2020;2532,93;2532,93;#N/A N/A;-4,18
06/09/2020;2525,74;2525,74;#N/A N/A;-0,28
07/09/2020;2477;2477;#N/A N/A;-1,93
08/09/2020;2418,39;2418,39;#N/A N/A;-2,37
09/09/2020;2502,71;2502,71;#N/A N/A;3,49
10/09/2020;2533,42;2533,42;#N/A N/A;1,23
11/09/2020;2548,56;2548,56;#N/A N/A;0,6
12/09/2020;2555,3;2555,3;#N/A N/A;0,26
13/09/2020;2543,99;2543,99;#N/A N/A;-0,44
14/09/2020;2609,5;2609,5;#N/A N/A;2,58
15/09/2020;2599,88;2599,88;#N/A N/A;-0,37
16/09/2020;2627,29;2627,29;#N/A N/A;1,05
17/09/2020;2688,6;2688,6;#N/A N/A;2,33
18/09/2020;2650,31;2650,31;#N/A N/A;-1,42
19/09/2020;2687,24;2687,24;#N/A N/A;1,39
20/09/2020;2616,81;2616,81;#N/A N/A;-2,62
21/09/2020;2488,54;2488,54;#N/A N/A;-4,9
22/09/2020;2496,42;2496,42;#N/A N/A;0,32
23/09/2020;2391,75;2391,75;#N/A N/A;-4,19
24/09/2020;2508,22;2508,22;#N/A N/A;4,87
25/09/2020;2560,72;2560,72;#N/A N/A;2,09
26/09/2020;2544,96;2544,96;#N/A N/A;-0,62
27/09/2020;2539,13;2539,13;#N/A N/A;-0,23
28/09/2020;2594,77;2594,77;#N/A N/A;2,19
29/09/2020;2568,28;2568,28;#N/A N/A;-1,02
30/09/2020;2560,7;2560,7;#N/A N/A;-0,3
01/10/2020;2530,08;2530,08;#N/A N/A;-1,2
02/10/2020;2494,75;2494,75;#N/A N/A;-1,4
03/10/2020;2500,98;2500,98;#N/A N/A;0,25
04/10/2020;2522,66;2522,66;#N/A N/A;0,87
05/10/2020;2567,77;2567,77;#N/A N/A;1,79
06/10/2020;2499,14;2499,14;#N/A N/A;-2,67
07/10/2020;2526,77;2526,77;#N/A N/A;1,11
08/10/2020;2583,95;2583,95;#N/A N/A;2,26
09/10/2020;2627,83;2627,83;#N/A N/A;1,7
10/10/2020;2705,76;2705,76;#N/A N/A;2,97
11/10/2020;2704,95;2704,95;#N/A N/A;-0,03
12/10/2020;2773,98;2773,98;#N/A N/A;2,55
13/10/2020;2731,09;2731,09;#N/A N/A;-1,55
14/10/2020;2707,34;2707,34;#N/A N/A;-0,87
15/10/2020;2716,94;2716,94;#N/A N/A;0,35
16/10/2020;2651,39;2651,39;#N/A N/A;-2,41
17/10/2020;2665,59;2665,59;#N/A N/A;0,54
18/10/2020;2691,52;2691,52;#N/A N/A;0,97
19/10/2020;2742,87;2742,87;#N/A N/A;1,91
20/10/2020;2732,17;2732,17;#N/A N/A;-0,39
21/10/2020;2925,8;2925,8;#N/A N/A;7,09
22/10/2020;3036,02;3036,02;#N/A N/A;3,77
23/10/2020;2971,72;2971,72;#N/A N/A;-2,12
24/10/2020;3016,29;3016,29;#N/A N/A;1,5
25/10/2020;2978,41;2978,41;#N/A N/A;-1,26
26/10/2020;2940,94;2940,94;#N/A N/A;-1,26
27/10/2020;3045,81;3045,81;#N/A N/A;3,57
28/10/2020;2957,33;2957,33;#N/A N/A;-2,9
29/10/2020;2965,31;2965,31;#N/A N/A;0,27
30/10/2020;2973,08;2973,08;#N/A N/A;0,26
31/10/2020;3019,65;3019,65;#N/A N/A;1,57
01/11/2020;3007,14;3007,14;#N/A N/A;-0,41
02/11/2020;2968,59;2968,59;#N/A N/A;-1,28
03/11/2020;2977,32;2977,32;#N/A N/A;0,29
04/11/2020;3075,62;3075,62;#N/A N/A;3,3
05/11/2020;3258,92;3258,92;#N/A N/A;5,96
06/11/2020;3379,35;3379,35;#N/A N/A;3,7
07/11/2020;3343,74;3343,74;#N/A N/A;-1,05
08/11/2020;3363,32;3363,32;#N/A N/A;0,59
09/11/2020;3343,68;3343,68;#N/A N/A;-0,58
10/11/2020;3346,37;3346,37;#N/A N/A;0,08
11/11/2020;3442,61;3442,61;#N/A N/A;2,88
12/11/2020;3477,41;3477,41;#N/A N/A;1,01
13/11/2020;3537,11;3537,11;#N/A N/A;1,72
14/11/2020;3455,98;3455,98;#N/A N/A;-2,29
15/11/2020;3464,8;3464,8;#N/A N/A;0,26
16/11/2020;3578,75;3578,75;#N/A N/A;3,29
17/11/2020;3756,48;3756,48;#N/A N/A;4,97
18/11/2020;3741,91;3741,91;#N/A N/A;-0,39
19/11/2020;3791,09;3791,09;#N/A N/A;1,31
20/11/2020;3974,7;3974,7;#N/A N/A;4,84
21/11/2020;4267,33;4267,33;#N/A N/A;7,36
22/11/2020;4205,14;4205,14;#N/A N/A;-1,46
23/11/2020;4639,22;4639,22;#N/A N/A;10,32
24/11/2020;4890,09;4890,09;#N/A N/A;5,41
25/11/2020;4678,77;4678,77;#N/A N/A;-4,32
26/11/2020;4197,89;4197,89;#N/A N/A;-10,28
27/11/2020;4170,97;4170,97;#N/A N/A;-0,64
28/11/2020;4429,82;4429,82;#N/A N/A;6,21
29/11/2020;4527,75;4527,75;#N/A N/A;2,21
30/11/2020;4850,3;4850,3;#N/A N/A;7,12
01/12/2020;4783,22;4783,22;#N/A N/A;-1,38
02/12/2020;4774,51;4774,51;#N/A N/A;-0,18
03/12/2020;4868,55;4868,55;#N/A N/A;1,97
04/12/2020;4585,56;4585,56;#N/A N/A;-5,81
05/12/2020;4699,97;4699,97;#N/A N/A;2,5
06/12/2020;4719,38;4719,38;#N/A N/A;0,41
07/12/2020;4712,73;4712,73;#N/A N/A;-0,14
08/12/2020;4555,9;4555,9;#N/A N/A;-3,33
09/12/2020;4574,94;4574,94;#N/A N/A;0,42
10/12/2020;4503,87;4503,87;#N/A N/A;-1,55
11/12/2020;4446,81;4446,81;#N/A N/A;-1,27
12/12/2020;4415,33;4415,33;#N/A N/A;-0,71
13/12/2020;4607,96;4607,96;#N/A N/A;4,36
14/12/2020;4600,91;4600,91;#N/A N/A;-0,15
15/12/2020;4606,38;4606,38;#N/A N/A;0,12
16/12/2020;5030,64;5030,64;#N/A N/A;9,21
17/12/2020;5347,43;5347,43;#N/A N/A;6,3
18/12/2020;5352,02;5352,02;#N/A N/A;0,09
19/12/2020;5474,41;5474,41;#N/A N/A;2,29
20/12/2020;5516,73;5516,73;#N/A N/A;0,77
21/12/2020;5238,99;5238,99;#N/A N/A;-5,03
22/12/2020;5176,17;5176,17;#N/A N/A;-1,2
23/12/2020;4755,81;4755,81;#N/A N/A;-8,12
24/12/2020;4997,31;4997,31;#N/A N/A;5,08
25/12/2020;5207,19;5207,19;#N/A N/A;4,2
26/12/2020;5347,69;5347,69;#N/A N/A;2,7
27/12/2020;5750,46;5750,46;#N/A N/A;7,53
28/12/2020;5730,29;5730,29;#N/A N/A;-0,35
29/12/2020;5655,46;5655,46;#N/A N/A;-1,31
30/12/2020;5956,19;5956,19;#N/A N/A;5,32
31/12/2020;5935,91;5935,91;#N/A N/A;-0,34
01/01/2021;5952,97;5952,97;#N/A N/A;0,29
02/01/2021;6328,02;6328,02;#N/A N/A;6,3
03/01/2021;7053,86;7053,86;#N/A N/A;11,47
04/01/2021;7162,52;7162,52;#N/A N/A;1,54
05/01/2021;7805,74;7805,74;#N/A N/A;8,98
06/01/2021;8522,63;8522,63;#N/A N/A;9,18
07/01/2021;9077,25;9077,25;#N/A N/A;6,51
08/01/2021;8824,08;8824,08;#N/A N/A;-2,79
09/01/2021;9035,73;9035,73;#N/A N/A;2,4
10/01/2021;9263,59;9263,59;#N/A N/A;2,52
11/01/2021;7791,13;7791,13;#N/A N/A;-15,9
12/01/2021;7811,1;7811,1;#N/A N/A;0,26
13/01/2021;8366,5;8366,5;#N/A N/A;7,11
14/01/2021;8668,92;8668,92;#N/A N/A;3,61
15/01/2021;8313,48;8313,48;#N/A N/A;-4,1
16/01/2021;8864,25;8864,25;#N/A N/A;6,63
17/01/2021;8542,21;8542,21;#N/A N/A;-3,63
18/01/2021;8587,02;8587,02;#N/A N/A;0,52
19/01/2021;9206,41;9206,41;#N/A N/A;7,21
20/01/2021;8457,92;8457,92;#N/A N/A;-8,13
21/01/2021;7437,04;7437,04;#N/A N/A;-12,07
22/01/2021;8301,84;8301,84;#N/A N/A;11,63
23/01/2021;8030,49;8030,49;#N/A N/A;-3,27
24/01/2021;8332,44;8332,44;#N/A N/A;3,76
25/01/2021;8263,58;8263,58;#N/A N/A;-0,83
26/01/2021;8395,8;8395,8;#N/A N/A;1,6
27/01/2021;8028,63;8028,63;#N/A N/A;-4,37
28/01/2021;8572,71;8572,71;#N/A N/A;6,78
29/01/2021;8792,2;8792,2;#N/A N/A;2,56
30/01/2021;8654,81;8654,81;#N/A N/A;-1,56
31/01/2021;8295,23;8295,23;#N/A N/A;-4,15
01/02/2021;8508,77;8508,77;#N/A N/A;2,57
02/02/2021;9156,09;9156,09;#N/A N/A;7,61
03/02/2021;9842;9842;#N/A N/A;7,49
04/02/2021;9755,95;9755,95;#N/A N/A;-0,87
05/02/2021;10185,61;10185,61;#N/A N/A;4,4
06/02/2021;10358,96;10358,96;#N/A N/A;1,7
07/02/2021;9733,48;9733,48;#N/A N/A;-6,04
08/02/2021;11386,25;11386,25;#N/A N/A;16,98
09/02/2021;11698,67;11698,67;#N/A N/A;2,74
10/02/2021;11549,89;11549,89;#N/A N/A;-1,27
11/02/2021;12081,47;12081,47;#N/A N/A;4,6
12/02/2021;12854,37;12854,37;#N/A N/A;6,4
13/02/2021;12834,36;12834,36;#N/A N/A;-0,16
14/02/2021;12662,94;12662,94;#N/A N/A;-1,34
15/02/2021;12656,04;12656,04;#N/A N/A;-0,05
16/02/2021;12932;12932;#N/A N/A;2,18
17/02/2021;13906,36;13906,36;#N/A N/A;7,53
18/02/2021;13847,83;13847,83;#N/A N/A;-0,42
19/02/2021;14729,81;14729,81;#N/A N/A;6,37
20/02/2021;15426;15426;#N/A N/A;4,73
21/02/2021;15609,14;15609,14;#N/A N/A;1,19
22/02/2021;14702,96;14702,96;#N/A N/A;-5,81
23/02/2021;12942,18;12942,18;#N/A N/A;-11,98
24/02/2021;13035,56;13035,56;#N/A N/A;0,72
25/02/2021;13058,96;13058,96;#N/A N/A;0,18
26/02/2021;12210,27;12210,27;#N/A N/A;-6,5
27/02/2021;12824,89;12824,89;#N/A N/A;5,03
28/02/2021;11709,28;11709,28;#N/A N/A;-8,7
01/03/2021;13344,22;13344,22;#N/A N/A;13,96
02/03/2021;13195,54;13195,54;#N/A N/A;-1,11
03/03/2021;14071,49;14071,49;#N/A N/A;6,64
04/03/2021;13167,41;13167,41;#N/A N/A;-6,42
05/03/2021;13276,16;13276,16;#N/A N/A;0,83
06/03/2021;12810,88;12810,88;#N/A N/A;-3,5
07/03/2021;13654,7;13654,7;#N/A N/A;6,59
08/03/2021;13886,9;13886,9;#N/A N/A;1,7
09/03/2021;14872,87;14872,87;#N/A N/A;7,1
10/03/2021;15095;15095;#N/A N/A;1,49
11/03/2021;15101,39;15101,39;#N/A N/A;0,04
12/03/2021;14747,92;14747,92;#N/A N/A;-2,34
13/03/2021;15426,71;15426,71;#N/A N/A;4,6
14/03/2021;15292,52;15292,52;#N/A N/A;-0,87
15/03/2021;14516,53;14516,53;#N/A N/A;-5,07
16/03/2021;14685,43;14685,43;#N/A N/A;1,16
17/03/2021;15064,43;15064,43;#N/A N/A;2,58
18/03/2021;14985,59;14985,59;#N/A N/A;-0,52
19/03/2021;15417,57;15417,57;#N/A N/A;2,88
20/03/2021;15718,25;15718,25;#N/A N/A;1,95
21/03/2021;14968,47;14968,47;#N/A N/A;-4,77
22/03/2021;14238,09;14238,09;#N/A N/A;-4,88
23/03/2021;14178,97;14178,97;#N/A N/A;-0,42
24/03/2021;12931,19;12931,19;#N/A N/A;-8,8
25/03/2021;13267,42;13267,42;#N/A N/A;2,6
26/03/2021;13998,38;13998,38;#N/A N/A;5,51
27/03/2021;14175,98;14175,98;#N/A N/A;1,27
28/03/2021;13847,91;13847,91;#N/A N/A;-2,31
29/03/2021;14644,76;14644,76;#N/A N/A;5,75
30/03/2021;14821,98;14821,98;#N/A N/A;1,21
31/03/2021;15198,08;15198,08;#N/A N/A;2,54
01/04/2021;15456,89;15456,89;#N/A N/A;1,7
02/04/2021;15838,22;15838,22;#N/A N/A;2,47
03/04/2021;16572,81;16572,81;#N/A N/A;4,64
04/04/2021;16298,05;16298,05;#N/A N/A;-1,66
05/04/2021;16628,53;16628,53;#N/A N/A;2,03
06/04/2021;16332,03;16332,03;#N/A N/A;-1,78
07/04/2021;15593,46;15593,46;#N/A N/A;-4,52
08/04/2021;15917,08;15917,08;#N/A N/A;2,08