date,price
2014-07-31,1000.0
2014-08-01,1018.202717
2014-08-02,1008.772389
2014-08-03,1004.4165
2014-08-04,1004.984138
2014-08-05,998.0410565
2014-08-06,999.8663178
2014-08-07,1006.144005
2014-08-08,1012.505635
2014-08-09,1006.846193
2014-08-10,1006.86504
2014-08-11,980.9331217
2014-08-12,970.5076943
2014-08-13,930.476552
2014-08-14,862.7822021
2014-08-15,843.5153692
2014-08-16,891.0207203
2014-08-17,846.5180777
2014-08-18,786.4921555
2014-08-19,829.4406174
2014-08-20,880.5010963
2014-08-21,882.2979487
2014-08-22,882.5566
2014-08-23,849.458735
2014-08-24,869.3409207
2014-08-25,855.7833932
2014-08-26,872.9780858
2014-08-27,872.5128548
2014-08-28,866.2610835
2014-08-29,868.4953818
2014-08-30,857.5924318
2014-08-31,820.8686879
2014-09-01,814.2321201
2014-09-02,810.9593584
2014-09-03,811.6338818
2014-09-04,836.8057173
2014-09-05,822.1685513
2014-09-06,826.1332828
2014-09-07,822.7349399
2014-09-08,806.7997987
2014-09-09,808.1129548
2014-09-10,817.4124013
2014-09-11,816.5868348
2014-09-12,812.1096433
2014-09-13,816.6118471
2014-09-14,816.7506834
2014-09-15,813.2662258
2014-09-16,796.4645479
2014-09-17,785.3543419
2014-09-18,733.2341797
2014-09-19,680.2144719
2014-09-20,706.2804849
2014-09-21,685.178632
2014-09-22,688.7218943
2014-09-23,746.7688196
2014-09-24,725.9928765
2014-09-25,704.7671946
2014-09-26,696.8117642
2014-09-27,688.1426984
2014-09-28,653.2935277
2014-09-29,646.2270535
2014-09-30,669.9979464
2014-10-01,659.2523706
2014-10-02,644.0672436
2014-10-03,618.411663
2014-10-04,570.6569707
2014-10-05,565.2824686
2014-10-06,571.0504028
2014-10-07,576.0868333
2014-10-08,611.7703398
2014-10-09,620.1448164
2014-10-10,618.2748965
2014-10-11,621.403416
2014-10-12,645.907032
2014-10-13,666.830649
2014-10-14,685.7847338
2014-10-15,674.9876293
2014-10-16,653.4982305
2014-10-17,654.9047858
2014-10-18,669.6544909
2014-10-19,665.5177744
2014-10-20,653.6734758
2014-10-21,659.4481674
2014-10-22,654.9217888
2014-10-23,615.3886954
2014-10-24,612.4063704
2014-10-25,598.7981198
2014-10-26,603.3437449
2014-10-27,601.4677283
2014-10-28,606.3572568
2014-10-29,575.3415051
2014-10-30,592.5155556
2014-10-31,580.3093592
2014-11-01,557.8958107
2014-11-02,558.5353241
2014-11-03,559.2707337
2014-11-04,565.9783142
2014-11-05,582.6367535
2014-11-06,599.346403
2014-11-07,588.3052524
2014-11-08,594.1750505
2014-11-09,626.2961562
2014-11-10,626.2882295
2014-11-11,630.0576452
2014-11-12,718.113982
2014-11-13,711.3082986
2014-11-14,679.0341513
2014-11-15,648.8645733
2014-11-16,666.4636129
2014-11-17,661.9370636
2014-11-18,644.9534572
2014-11-19,648.8958047
2014-11-20,614.6708548
2014-11-21,607.4608986
2014-11-22,614.5738495
2014-11-23,643.7446967
2014-11-24,661.414861
2014-11-25,661.2065398
2014-11-26,649.6113359
2014-11-27,664.4236671
2014-11-28,682.6896886
2014-11-29,676.3530477
2014-11-30,668.5640259
2014-12-01,678.7496061
2014-12-02,684.540087
2014-12-03,673.0132822
2014-12-04,663.8817424
2014-12-05,679.1039947
2014-12-06,677.0737623
2014-12-07,679.855048
2014-12-08,652.3532842
2014-12-09,640.4167612
2014-12-10,636.9236875
2014-12-11,639.1004584
2014-12-12,647.1638994
2014-12-13,642.3924733
2014-12-14,647.4933222
2014-12-15,641.554147
2014-12-16,627.0666345
2014-12-17,626.3928973
2014-12-18,620.4296192
2014-12-19,617.5576206
2014-12-20,633.464061
2014-12-21,618.1922403
2014-12-22,646.606259
2014-12-23,647.3110572
2014-12-24,625.4374702
2014-12-25,622.0424378
2014-12-26,642.5148802
2014-12-27,615.8977791
2014-12-28,617.5943186
2014-12-29,613.2030804
2014-12-30,608.6273641
2014-12-31,621.4956997
2015-01-01,616.1316473
2015-01-02,616.933306
2015-01-03,562.6183853
2015-01-04,506.8353719
2015-01-05,533.0313055
2015-01-06,554.7199529
2015-01-07,572.9841988
2015-01-08,553.4618858
2015-01-09,561.4904236
2015-01-10,531.4034287
2015-01-11,517.3586271
2015-01-12,518.0986905
2015-01-13,428.9708196
2015-01-14,342.0667067
2015-01-15,414.9526423
2015-01-16,406.1341061
2015-01-17,391.8564527
2015-01-18,408.7084755
2015-01-19,419.1765445
2015-01-20,412.8831068
2015-01-21,437.4817769
2015-01-22,451.8116458
2015-01-23,452.3410036
2015-01-24,477.5647666
2015-01-25,486.258422
2015-01-26,511.936704
2015-01-27,491.302726
2015-01-28,488.1012886
2015-01-29,442.7601018
2015-01-30,435.6643888
2015-01-31,417.903539
2015-02-01,430.5551111
2015-02-02,450.5393327
2015-02-03,424.9289777
2015-02-04,425.171371
2015-02-05,414.8990404
2015-02-06,427.4006989
2015-02-07,432.5505786
2015-02-08,424.7914831
2015-02-09,418.3590144
2015-02-10,417.8974069
2015-02-11,415.5561482
2015-02-12,421.4065701
2015-02-13,445.697676
2015-02-14,485.6408987
2015-02-15,437.4368495
2015-02-16,442.6830486
2015-02-17,454.2855419
2015-02-18,440.3476732
2015-02-19,449.7628788
2015-02-20,454.8702829
2015-02-21,454.0992297
2015-02-22,439.5756614
2015-02-23,444.7292896
2015-02-24,446.2598087
2015-02-25,444.3681395
2015-02-26,441.9755873
2015-02-27,471.6624909
2015-02-28,469.5931471
2015-03-01,473.4413865
2015-03-02,493.0892133
2015-03-03,504.4912582
2015-03-04,489.4490455
2015-03-05,498.4193516
2015-03-06,491.9397335
2015-03-07,496.2105792
2015-03-08,493.8288093
2015-03-09,519.021858
2015-03-10,517.8795216
2015-03-11,527.209257
2015-03-12,524.7979569
2015-03-13,515.6742767
2015-03-14,507.0598895
2015-03-15,512.2627461
2015-03-16,520.7797618
2015-03-17,511.1818999
2015-03-18,462.5387724
2015-03-19,469.691227
2015-03-20,471.1443887
2015-03-21,468.2508085
2015-03-22,481.942197
2015-03-23,479.466817
2015-03-24,443.300883
2015-03-25,442.6246006
2015-03-26,443.3302905
2015-03-27,443.2128512
2015-03-28,451.1114586
2015-03-29,434.3003512
2015-03-30,441.7096883
2015-03-31,435.9645292
2015-04-01,437.0940488
2015-04-02,447.5413901
2015-04-03,452.5780392
2015-04-04,452.4210414
2015-04-05,462.275882
2015-04-06,455.4570504
2015-04-07,452.6231327
2015-04-08,438.4003866
2015-04-09,435.2477173
2015-04-10,419.1259337
2015-04-11,422.0594037
2015-04-12,421.6472976
2015-04-13,400.8900332
2015-04-14,390.6881186
2015-04-15,398.0584298
2015-04-16,406.8403082
2015-04-17,397.5428806
2015-04-18,397.7921309
2015-04-19,396.9229963
2015-04-20,400.0503434
2015-04-21,417.3243734
2015-04-22,416.3200125
2015-04-23,418.7714062
2015-04-24,411.8192434
2015-04-25,403.469886
2015-04-26,389.8390302
2015-04-27,406.4563669
2015-04-28,400.9325092
2015-04-29,402.2887548
2015-04-30,419.7282765
2015-05-01,413.8612544
2015-05-02,417.8229198
2015-05-03,425.2087923
2015-05-04,423.6239985
2015-05-05,418.2944711
2015-05-06,407.9790417
2015-05-07,418.2639912
2015-05-08,429.5643759
2015-05-09,426.0419919
2015-05-10,421.9578146
2015-05-11,425.7169228
2015-05-12,425.2141411
2015-05-13,414.2606235
2015-05-14,415.4320572
2015-05-15,416.2796263
2015-05-16,414.768021
2015-05-17,413.4259142
2015-05-18,405.4536712
2015-05-19,408.1021469
2015-05-20,412.2083623
2015-05-21,414.2958956
2015-05-22,424.0628142
2015-05-23,421.7362283
2015-05-24,425.5902457
2015-05-25,419.6492565
2015-05-26,419.4687025
2015-05-27,419.8101286
2015-05-28,424.1202214
2015-05-29,427.7956212
2015-05-30,418.8472933
2015-05-31,412.1759782
2015-06-01,399.1722862
2015-06-02,404.1700529
2015-06-03,404.104152
2015-06-04,401.6024913
2015-06-05,403.4990589
2015-06-06,403.9239004
2015-06-07,400.7862357
2015-06-08,410.0379202
2015-06-09,411.3156762
2015-06-10,410.4231949
2015-06-11,411.7944691
2015-06-12,412.5752424
2015-06-13,416.5563191
2015-06-14,418.5062619
2015-06-15,425.8897857
2015-06-16,450.9443433
2015-06-17,447.3250689
2015-06-18,451.9165876
2015-06-19,446.2731759
2015-06-20,449.3640837
2015-06-21,444.5728139
2015-06-22,450.5259591
2015-06-23,445.1434389
2015-06-24,440.2945765
2015-06-25,443.8224784
2015-06-26,444.5299633
2015-06-27,459.5617627
2015-06-28,454.829751
2015-06-29,470.3657359
2015-06-30,478.1724949
2015-07-01,469.1141492
2015-07-02,463.9785672
2015-07-03,465.3771263
2015-07-04,472.5621986
2015-07-05,487.2731889
2015-07-06,482.6239269
2015-07-07,476.5071078
2015-07-08,482.7691019
2015-07-09,481.5172497
2015-07-10,506.4287137
2015-07-11,515.9337367
2015-07-12,546.4046126
2015-07-13,514.2892381
2015-07-14,507.9742748
2015-07-15,502.6469138
2015-07-16,489.0871457
2015-07-17,491.3261449
2015-07-18,485.5582962
2015-07-19,482.7118751
2015-07-20,489.1018767
2015-07-21,484.5332078
2015-07-22,486.2082104
2015-07-23,485.2297643
2015-07-24,507.010855
2015-07-25,507.5611494
2015-07-26,513.8088816
2015-07-27,516.6987238
2015-07-28,518.9445071
2015-07-29,510.1439866
2015-07-30,507.3052412
2015-07-31,501.7725984
2015-08-01,495.7627455
2015-08-02,497.3199235
2015-08-03,497.6852716
2015-08-04,501.44214
2015-08-05,496.8629824
2015-08-06,490.6135543
2015-08-07,491.737641
2015-08-08,462.0290311
2015-08-09,470.4018001
2015-08-10,468.5025371
2015-08-11,478.3924913
2015-08-12,473.8464596
2015-08-13,466.4287494
2015-08-14,469.6632522
2015-08-15,462.3041661
2015-08-16,456.9729159
2015-08-17,455.5281922
2015-08-18,448.3466261
2015-08-19,401.8157571
2015-08-20,416.8726709
2015-08-21,413.0981933
2015-08-22,407.2741622
2015-08-23,403.4735366
2015-08-24,374.2811283
2015-08-25,391.8330883
2015-08-26,399.7487346
2015-08-27,396.1847966
2015-08-28,410.0368828
2015-08-29,406.016113
2015-08-30,406.489982
2015-08-31,409.2468347
2015-09-01,404.0801321
2015-09-02,406.0111067
2015-09-03,401.4916505
2015-09-04,406.9373223
2015-09-05,417.1408353
2015-09-06,424.4065228
2015-09-07,426.7773323
2015-09-08,431.1798068
2015-09-09,421.4948679
2015-09-10,422.7319318
2015-09-11,427.358088
2015-09-12,418.106487
2015-09-13,411.8217185
2015-09-14,407.3413049
2015-09-15,408.0081333
2015-09-16,404.6783436
2015-09-17,411.7062032
2015-09-18,411.8034398
2015-09-19,409.7681291
2015-09-20,409.5525207
2015-09-21,401.1398357
2015-09-22,406.2989254
2015-09-23,404.4344664
2015-09-24,410.9542043
2015-09-25,412.4019069
2015-09-26,411.2135389
2015-09-27,408.5947652
2015-09-28,418.2355858
2015-09-29,412.1306216
2015-09-30,409.8841341
2015-10-01,411.8561234
2015-10-02,412.1737345
2015-10-03,413.8609854
2015-10-04,412.0459327
2015-10-05,413.6125274
2015-10-06,424.7360216
2015-10-07,419.7207216
2015-10-08,419.2348192
2015-10-09,421.7809021
2015-10-10,422.0201794
2015-10-11,425.6503519
2015-10-12,422.3755861
2015-10-13,428.2504553
2015-10-14,433.7159043
2015-10-15,436.8193266
2015-10-16,448.8605043
2015-10-17,460.8584393
2015-10-18,446.8851876
2015-10-19,449.9101001
2015-10-20,457.986627
2015-10-21,452.6534467
2015-10-22,464.1316154
2015-10-23,469.7869993
2015-10-24,478.534284
2015-10-25,481.7580018
2015-10-26,483.8303101
2015-10-27,499.6380453
2015-10-28,515.1496379
2015-10-29,533.1946986
2015-10-30,551.9386072
2015-10-31,528.3322314
2015-11-01,551.0198457
2015-11-02,592.196616
2015-11-03,668.5540542
2015-11-04,675.0404983
2015-11-05,646.6480107
2015-11-06,623.7264293
2015-11-07,647.075462
2015-11-08,622.6234591
2015-11-09,636.7040588
2015-11-10,565.6316323
2015-11-11,514.8560289
2015-11-12,568.1401207
2015-11-13,567.3749774
2015-11-14,557.1891441
2015-11-15,538.8542226
2015-11-16,556.5658453
2015-11-17,563.5485127
2015-11-18,564.153006
2015-11-19,547.7531007
2015-11-20,540.3750425
2015-11-21,546.7785844
2015-11-22,543.8313554
2015-11-23,542.9241084
2015-11-24,537.9033883
2015-11-25,551.2456816
2015-11-26,595.7965442
2015-11-27,600.02473
2015-11-28,595.738034
2015-11-29,619.7241967
2015-11-30,630.0401881
2015-12-01,605.8811755
2015-12-02,598.2776932
2015-12-03,602.2092502
2015-12-04,607.2092496
2015-12-05,653.3784125
2015-12-06,658.7385633
2015-12-07,659.5909838
2015-12-08,693.8833818
2015-12-09,707.1556047
2015-12-10,706.8741747
2015-12-11,763.6869969
2015-12-12,736.1522245
2015-12-13,738.6111411
2015-12-14,746.9927231
2015-12-15,777.6607506
2015-12-16,759.8633995
2015-12-17,763.4847856
2015-12-18,773.855516
2015-12-19,770.5187913
2015-12-20,736.8673608
2015-12-21,731.5974614
2015-12-22,728.5916004
2015-12-23,738.6439171
2015-12-24,757.6927476
2015-12-25,761.1649576
2015-12-26,698.2028271
2015-12-27,709.9821201
2015-12-28,704.7364358
2015-12-29,722.8862384
2015-12-30,714.7060071
2015-12-31,721.3088503
2016-01-01,725.8447563
2016-01-02,726.3114857
2016-01-03,719.7965478
2016-01-04,725.0927304
2016-01-05,723.2120471
2016-01-06,722.3530543
2016-01-07,762.0902584
2016-01-08,758.9898307
2016-01-09,750.7025485
2016-01-10,747.7693281
2016-01-11,749.6642957
2016-01-12,747.4861255
2016-01-13,725.1090225
2016-01-14,720.3236734
2016-01-15,618.8599321
2016-01-16,648.1618399
2016-01-17,652.2959814
2016-01-18,651.3733866
2016-01-19,640.9517495
2016-01-20,706.8421895
2016-01-21,688.9839945
2016-01-22,639.0213369
2016-01-23,660.8392507
2016-01-24,685.9812702
2016-01-25,671.1711766
2016-01-26,671.6884937
2016-01-27,679.0717409
2016-01-28,657.946197
2016-01-29,658.5938614
2016-01-30,653.2136986
2016-01-31,631.0688972
2016-02-01,641.1914651
2016-02-02,646.2546285
2016-02-03,640.4165657
2016-02-04,673.9102335
2016-02-05,671.0766636
2016-02-06,655.8627895
2016-02-07,661.5524689
2016-02-08,654.9139364
2016-02-09,662.9996231
2016-02-10,678.5245404
2016-02-11,686.3545995
2016-02-12,693.2243713
2016-02-13,705.8272947
2016-02-14,727.2153538
2016-02-15,720.858669
2016-02-16,725.1139161
2016-02-17,733.4231005
2016-02-18,745.1632174
2016-02-19,743.8081502
2016-02-20,776.8033956
2016-02-21,774.907899
2016-02-22,781.0530159
2016-02-23,752.4934087
2016-02-24,761.803743
2016-02-25,759.8528377
2016-02-26,765.48291
2016-02-27,776.9869633
2016-02-28,778.4525722
2016-02-29,783.8023321
2016-03-01,784.7530046
2016-03-02,780.7263242
2016-03-03,784.1081946
2016-03-04,771.4713216
2016-03-05,758.9281163
2016-03-06,772.7177731
2016-03-07,775.4785246
2016-03-08,776.9687456
2016-03-09,795.3719987
2016-03-10,796.9004511
2016-03-11,804.1512919
2016-03-12,807.5892722
2016-03-13,821.9152726
2016-03-14,803.3580813
2016-03-15,809.929928
2016-03-16,807.7106064
2016-03-17,798.6063102
2016-03-18,779.8273743
2016-03-19,774.6736379
2016-03-20,780.480914
2016-03-21,793.2023886
2016-03-22,797.5370415
2016-03-23,810.7380489
2016-03-24,795.7252087
2016-03-25,793.3168164
2016-03-26,797.961601
2016-03-27,805.6528138
2016-03-28,810.3998546
2016-03-29,799.9762679
2016-03-30,794.9156684
2016-03-31,795.3527411
2016-04-01,799.6877949
2016-04-02,804.4167204
2016-04-03,802.4726557
2016-04-04,802.7771255
2016-04-05,800.3127371
2016-04-06,799.5702942
2016-04-07,791.7305844
2016-04-08,784.9800257
2016-04-09,780.9417119
2016-04-10,776.8571591
2016-04-11,778.2017608
2016-04-12,774.5715028
2016-04-13,775.335152
2016-04-14,781.966053
2016-04-15,787.9214435
2016-04-16,793.7535333
2016-04-17,795.9913841
2016-04-18,795.9060581
2016-04-19,806.6784569
2016-04-20,814.3271706
2016-04-21,826.1569544
2016-04-22,817.8766459
2016-04-23,829.8671963
2016-04-24,839.0804878
2016-04-25,838.4134426
2016-04-26,844.072327
2016-04-27,809.5110845
2016-04-28,813.1216328
2016-04-29,827.1609162
2016-04-30,825.2462048
2016-05-01,832.6903395
2016-05-02,830.2607378
2016-05-03,832.3392956
2016-05-04,827.8229153
2016-05-05,833.460641
2016-05-06,850.0404871
2016-05-07,848.03245
2016-05-08,849.0739955
2016-05-09,851.7893358
2016-05-10,832.3675308
2016-05-11,840.7767616
2016-05-12,845.8216486
2016-05-13,852.3605501
2016-05-14,848.6353046
2016-05-15,850.9476333
2016-05-16,855.9624093
2016-05-17,859.9882109
2016-05-18,871.550434
2016-05-19,862.2698638
2016-05-20,857.2533685
2016-05-21,862.1553945
2016-05-22,857.4700209
2016-05-23,856.5260357
2016-05-24,855.8614183
2016-05-25,858.780831
2016-05-26,865.5795641
2016-05-27,888.6159885
2016-05-28,978.1436883
2016-05-29,977.6138348
2016-05-30,996.8473052
2016-05-31,1003.406596
2016-06-01,1015.833418
2016-06-02,1014.386464
2016-06-03,1065.334233
2016-06-04,1069.106984
2016-06-05,1072.651079
2016-06-06,1090.48994
2016-06-07,1083.245493
2016-06-08,1091.160507
2016-06-09,1083.281218
2016-06-10,1082.281252
2016-06-11,1112.068572
2016-06-12,1243.383927
2016-06-13,1310.072692
2016-06-14,1296.677201
2016-06-15,1306.199762
2016-06-16,1439.113876
2016-06-17,1371.910381
2016-06-18,1350.866288
2016-06-19,1373.788192
2016-06-20,1322.653255
2016-06-21,1218.243126
2016-06-22,1096.956951
2016-06-23,1155.34145
2016-06-24,1221.102678
2016-06-25,1231.776653
2016-06-26,1170.375668
2016-06-27,1206.820676
2016-06-28,1193.747514
2016-06-29,1180.85834
2016-06-30,1239.826555
2016-07-01,1242.235657
2016-07-02,1262.380801
2016-07-03,1217.462635
2016-07-04,1239.370821
2016-07-05,1211.112716
2016-07-06,1224.397687
2016-07-07,1159.06773
2016-07-08,1216.654059
2016-07-09,1195.783608
2016-07-10,1190.892686
2016-07-11,1188.852051
2016-07-12,1239.586917
2016-07-13,1229.735417
2016-07-14,1235.705821
2016-07-15,1247.61395
2016-07-16,1246.378147
2016-07-17,1265.114372
2016-07-18,1250.042974
2016-07-19,1269.526398
2016-07-20,1270.336452
2016-07-21,1260.791779
2016-07-22,1253.866396
2016-07-23,1245.837312
2016-07-24,1243.112401
2016-07-25,1239.271069
2016-07-26,1210.316574
2016-07-27,1227.020803
2016-07-28,1226.432481
2016-07-29,1225.324032
2016-07-30,1221.685342
2016-07-31,1165.465845
2016-08-01,1127.186082
2016-08-02,960.6878815
2016-08-03,1057.894105
2016-08-04,1081.29724
2016-08-05,1082.595007
2016-08-06,1101.544993
2016-08-07,1109.679812
2016-08-08,1108.294307
2016-08-09,1107.032424
2016-08-10,1115.609387
2016-08-11,1108.324875
2016-08-12,1107.772747
2016-08-13,1101.952032
2016-08-14,1077.988144
2016-08-15,1071.91455
2016-08-16,1079.674668
2016-08-17,1075.403652
2016-08-18,1077.363329
2016-08-19,1079.514918
2016-08-20,1096.879161
2016-08-21,1091.980299
2016-08-22,1100.62125
2016-08-23,1093.796782
2016-08-24,1087.316217
2016-08-25,1084.702393
2016-08-26,1086.989291
2016-08-27,1070.626383
2016-08-28,1081.025452
2016-08-29,1084.088705
2016-08-30,1089.600795
2016-08-31,1084.426512
2016-09-01,1087.983854
2016-09-02,1094.368938
2016-09-03,1126.585796
2016-09-04,1148.865607
2016-09-05,1147.505972
2016-09-06,1150.299078
2016-09-07,1155.586964
2016-09-08,1171.064468
2016-09-09,1166.933452
2016-09-10,1174.292083
2016-09-11,1138.467583
2016-09-12,1142.065981
2016-09-13,1143.32255
2016-09-14,1147.266234
2016-09-15,1147.982998
2016-09-16,1151.154428
2016-09-17,1150.567716
2016-09-18,1151.978183
2016-09-19,1159.292297
2016-09-20,1167.288831
2016-09-21,1141.187514
2016-09-22,1137.223078
2016-09-23,1150.821833
2016-09-24,1148.39329
2016-09-25,1148.102603
2016-09-26,1155.012769
2016-09-27,1154.576179
2016-09-28,1158.443273
2016-09-29,1156.743445
2016-09-30,1163.354408
2016-10-01,1167.07279
2016-10-02,1162.33881
2016-10-03,1166.286967
2016-10-04,1158.600206
2016-10-05,1158.426579
2016-10-06,1155.859595
2016-10-07,1160.98988
2016-10-08,1157.842852
2016-10-09,1154.657599
2016-10-10,1152.025177
2016-10-11,1194.021046
2016-10-12,1185.108836
2016-10-13,1184.416912
2016-10-14,1191.98446
2016-10-15,1187.312597
2016-10-16,1192.748683
2016-10-17,1187.25737
2016-10-18,1189.742532
2016-10-19,1174.961866
2016-10-20,1177.666844
2016-10-21,1180.371569
2016-10-22,1214.356197
2016-10-23,1210.78025
2016-10-24,1208.36687
2016-10-25,1207.91755
2016-10-26,1241.735674
2016-10-27,1255.123936
2016-10-28,1262.240381
2016-10-29,1287.900149
2016-10-30,1270.016005
2016-10-31,1268.63125
2016-11-01,1314.64956
2016-11-02,1322.926391
2016-11-03,1247.23296
2016-11-04,1277.208992
2016-11-05,1283.136212
2016-11-06,1294.23753
2016-11-07,1284.188215
2016-11-08,1289.560016
2016-11-09,1305.788432
2016-11-10,1292.361537
2016-11-11,1296.024779
2016-11-12,1272.274569
2016-11-13,1274.646216
2016-11-14,1279.140946
2016-11-15,1289.726401
2016-11-16,1331.268352
2016-11-17,1325.900894
2016-11-18,1337.00649
2016-11-19,1341.861116
2016-11-20,1305.256941
2016-11-21,1318.991448
2016-11-22,1339.604622
2016-11-23,1326.891422
2016-11-24,1314.688779
2016-11-25,1318.36293
2016-11-26,1310.045278
2016-11-27,1301.211145
2016-11-28,1305.310547
2016-11-29,1298.899128
2016-11-30,1320.795879
2016-12-01,1335.312753
2016-12-02,1355.596019
2016-12-03,1348.77674
2016-12-04,1346.416818
2016-12-05,1317.102757
2016-12-06,1335.194882
2016-12-07,1350.218178
2016-12-08,1360.359189
2016-12-09,1364.854831
2016-12-10,1364.589829
2016-12-11,1359.156601
2016-12-12,1377.364975
2016-12-13,1376.216363
2016-12-14,1371.250179
2016-12-15,1368.747782
2016-12-16,1379.734194
2016-12-17,1389.66582
2016-12-18,1391.78965
2016-12-19,1393.064098
2016-12-20,1407.188626
2016-12-21,1450.613045
2016-12-22,1498.952869
2016-12-23,1588.457862
2016-12-24,1551.076176
2016-12-25,1554.474914
2016-12-26,1568.79067
2016-12-27,1612.196501
2016-12-28,1694.928115
2016-12-29,1695.375091
2016-12-30,1680.169704
2016-12-31,1688.617567
2017-01-01,1737.415591
2017-01-02,1777.585922
2017-01-03,1815.817644
2017-01-04,1987.19312
2017-01-05,1751.581785
2017-01-06,1593.464083
2017-01-07,1598.931487
2017-01-08,1616.232233
2017-01-09,1607.697761
2017-01-10,1619.516888
2017-01-11,1410.373237
2017-01-12,1438.008742
2017-01-13,1477.265662
2017-01-14,1469.408086
2017-01-15,1475.927448
2017-01-16,1486.615191
2017-01-17,1613.846449
2017-01-18,1564.328999
2017-01-19,1604.517307
2017-01-20,1596.867672
2017-01-21,1645.850845
2017-01-22,1642.997961
2017-01-23,1644.033082
2017-01-24,1585.632276
2017-01-25,1598.356644
2017-01-26,1636.745618
2017-01-27,1640.557501
2017-01-28,1645.550408
2017-01-29,1635.471486
2017-01-30,1650.142729
2017-01-31,1726.512763
2017-02-01,1757.550234
2017-02-02,1793.862495
2017-02-03,1805.894962
2017-02-04,1838.746924
2017-02-05,1811.027108
2017-02-06,1824.051393
2017-02-07,1869.778414
2017-02-08,1874.801064
2017-02-09,1749.557673
2017-02-10,1770.233166
2017-02-11,1802.849261
2017-02-12,1785.536988
2017-02-13,1777.551944
2017-02-14,1816.971845
2017-02-15,1815.234639
2017-02-16,1856.113859
2017-02-17,1890.038525
2017-02-18,1893.073379
2017-02-19,1885.245268
2017-02-20,1930.235892
2017-02-21,2001.011344
2017-02-22,1997.060932
2017-02-23,2103.62325
2017-02-24,2094.782904
2017-02-25,2047.808366
2017-02-26,2108.334576
2017-02-27,2135.827828
2017-02-28,2134.476475
2017-03-01,2215.227432
2017-03-02,2291.562039
2017-03-03,2345.507426
2017-03-04,2300.942608
2017-03-05,2317.541299
2017-03-06,2332.025534
2017-03-07,2248.391678
2017-03-08,2090.558155
2017-03-09,2172.778481
2017-03-10,2037.310122
2017-03-11,2206.020879
2017-03-12,2305.094901
2017-03-13,2375.375331
2017-03-14,2390.494307
2017-03-15,2469.096568
2017-03-16,2445.149731
2017-03-17,2251.305762
2017-03-18,1977.231594
2017-03-19,2183.457377
2017-03-20,2180.848486
2017-03-21,2306.76126
2017-03-22,2182.747341
2017-03-23,2192.294259
2017-03-24,2119.584593
2017-03-25,2150.213194
2017-03-26,2126.429602
2017-03-27,2255.370147
2017-03-28,2274.159845
2017-03-29,2287.400008
2017-03-30,2298.285798
2017-03-31,2373.523009
2017-04-01,2393.698718
2017-04-02,2514.041781
2017-04-03,2458.333487
2017-04-04,2465.448703
2017-04-05,2503.753756
2017-04-06,2558.887114
2017-04-07,2558.873333
2017-04-08,2566.78912
2017-04-09,2569.966759
2017-04-10,2591.44745
2017-04-11,2614.805563
2017-04-12,2641.438344
2017-04-13,2601.977407
2017-04-14,2597.485282
2017-04-15,2610.940695
2017-04-16,2614.743913
2017-04-17,2644.034824
2017-04-18,2681.231545
2017-04-19,2654.447674
2017-04-20,2723.446755
2017-04-21,2729.839298
2017-04-22,2729.593503
2017-04-23,2743.754497
2017-04-24,2753.620474
2017-04-25,2778.740113
2017-04-26,2855.879138
2017-04-27,3022.018828
2017-04-28,3126.650667
2017-04-29,3174.96872
2017-04-30,3279.401557
2017-05-01,3332.326765
2017-05-02,3393.758248
2017-05-03,3547.618448
2017-05-04,3783.459057
2017-05-05,3850.648383
2017-05-06,4030.507623
2017-05-07,4170.183366
2017-05-08,4502.155158
2017-05-09,4428.155178
2017-05-10,4612.844658
2017-05-11,4687.249195
2017-05-12,4605.278094
2017-05-13,4722.396443
2017-05-14,4798.105983
2017-05-15,4809.959454
2017-05-16,4809.959454
2017-05-17,5491.978204
2017-05-18,5672.18302
2017-05-19,5997.808228
2017-05-20,6194.483501
2017-05-21,6480.957443
2017-05-22,6520.295185
2017-05-23,7153.138129
2017-05-24,7518.10555
2017-05-25,6928.013758
2017-05-26,6619.194665
2017-05-27,6083.235315
2017-05-28,6522.083546
2017-05-29,6863.330548
2017-05-30,6868.993716
2017-05-31,7313.223775
2017-06-01,7787.903648
2017-06-02,7940.360402
2017-06-03,7975.585629
2017-06-04,8246.037891
2017-06-05,8594.798119
2017-06-06,9073.520371
2017-06-07,8589.570359
2017-06-08,8893.548384
2017-06-09,9092.978335
2017-06-10,9636.301089
2017-06-11,9944.817377
2017-06-12,9732.891486
2017-06-13,9868.508772
2017-06-14,9067.913157
2017-06-15,8879.28907
2017-06-16,9162.902799
2017-06-17,9741.479719
2017-06-18,9487.431551
2017-06-19,9736.022248
2017-06-20,10024.29445
2017-06-21,9510.895953
2017-06-22,9545.910285
2017-06-23,9736.267638
2017-06-24,9239.952616
2017-06-25,8932.880649
2017-06-26,8299.52413
2017-06-27,8566.338169
2017-06-28,9044.482529
2017-06-29,8791.333193
2017-06-30,8471.914468
2017-07-01,8094.944699
2017-07-02,8475.134436
2017-07-03,8560.348103
2017-07-04,8594.197893
2017-07-05,8550.877834
2017-07-06,8553.752625
2017-07-07,7951.656711
2017-07-08,8130.531826
2017-07-09,7917.250716
2017-07-10,7136.984065
2017-07-11,6875.790368
2017-07-12,7393.320375
2017-07-13,7146.693881
2017-07-14,6736.247492
2017-07-15,6032.488712
2017-07-16,5623.179906
2017-07-17,6531.017101
2017-07-18,7164.820328
2017-07-19,6714.146519
2017-07-20,7905.069245
2017-07-21,7692.374026
2017-07-22,8198.274529
2017-07-23,8002.204611
2017-07-24,8033.30774
2017-07-25,7395.440267
2017-07-26,7247.405886
2017-07-27,7500.814913
2017-07-28,7818.24689
2017-07-29,7588.339329
2017-07-30,7476.493672
2017-07-31,7768.842015
2017-08-01,7850.188933
2017-08-02,7728.258095
2017-08-03,7950.68222
2017-08-04,8046.949453
2017-08-05,9031.68124
2017-08-06,9028.204969
2017-08-07,9400.209729
2017-08-08,9823.91339
2017-08-09,9675.119116
2017-08-10,9724.775687
2017-08-11,10143.83472
2017-08-12,10506.97468
2017-08-13,10730.41976
2017-08-14,10996.69307
2017-08-15,10841.25679
2017-08-16,11178.88397
2017-08-17,11461.10211
2017-08-18,10825.76524
2017-08-19,10908.49895
2017-08-20,10786.31674
2017-08-21,11044.57813
2017-08-22,11245.48521
2017-08-23,11462.22627
2017-08-24,11564.37369
2017-08-25,11725.91628
2017-08-26,11694.48995
2017-08-27,11794.96119
2017-08-28,12058.48002
2017-08-29,12495.41178
2017-08-30,12967.58326
2017-08-31,13429.87437
2017-09-01,13808.64474
2017-09-02,12697.92575
2017-09-03,12906.76591
2017-09-04,11664.57768
2017-09-05,12168.50941
2017-09-06,12880.144022871847
2017-09-07,12863.498454812767
2017-09-08,12000.869561202519
2017-09-09,11897.175167385938
2017-09-10,11642.50880527021
2017-09-11,11550.088964466608
2017-09-12,11388.751128295617
2017-09-13,10593.798019417798
2017-09-14,8749.113485345715
2017-09-15,10075.067153935199
2017-09-16,10026.95887574562
2017-09-17,10048.268251821446
2017-09-18,11170.718467360337
2017-09-19,10753.2991617341
2017-09-20,10600.578080551053
2017-09-21,9808.471429268266
2017-09-22,9866.50365464552
2017-09-23,10403.046479720455
2017-09-24,10140.62851394985
2017-09-25,10759.894734949372
2017-09-26,10649.728986663622
2017-09-27,11456.27562956699
2017-09-28,11328.707290135539
2017-09-29,11119.754534733955
2017-09-30,11514.488805620187
2017-10-01,11604.86086214578
2017-10-02,11514.706437328405
2017-10-03,11285.599504491212
2017-10-04,11075.584437940919
2017-10-05,11311.809156796033
2017-10-06,11505.62759758373
2017-10-07,11646.309298798167
2017-10-08,11939.557219155728
2017-10-09,11973.918914419291
2017-10-10,12000.418292216189
2017-10-11,12156.501200417884
2017-10-12,13168.974084305553
2017-10-13,13835.109646466997
2017-10-14,14196.517814492607
2017-10-15,13976.903303640667
2017-10-16,14053.557275228673
2017-10-17,13626.438147248158
2017-10-18,13522.498650651547
2017-10-19,13640.536931513172
2017-10-20,14035.220395204833
2017-10-21,14042.702073446595
2017-10-22,13947.176421964485
2017-10-23,13657.5825727654
2017-10-24,13206.251219452892
2017-10-25,13553.142734472865
2017-10-26,13797.818918251205
2017-10-27,13669.667757264624
2017-10-28,13679.14726392134
2017-10-29,14471.554231930357
2017-10-30,14465.124865773903
2017-10-31,14919.399796335365
2017-11-01,15365.365539032466
2017-11-02,15832.404252493161
2017-11-03,16408.397686935197
2017-11-04,16717.68738369291
2017-11-05,16680.07744565914
2017-11-06,15960.620200109666
2017-11-07,16231.131729714163
2017-11-08,17014.33153698196
2017-11-09,16744.11457476735
2017-11-10,16048.547199866533
2017-11-11,16385.709552554286
2017-11-12,16018.084739502785
2017-11-13,16789.451764470585
2017-11-14,17080.697741235075
2017-11-15,17892.652319783138
2017-11-16,18423.35375268141
2017-11-17,18684.708994065226
2017-11-18,19063.935262695904
2017-11-19,19406.87514609143
2017-11-20,20083.374568309933
2017-11-21,19678.659705211656
2017-11-22,20393.913178108647
2017-11-23,20821.75369699065
2017-11-24,21648.65852045575
2017-11-25,22444.55299033704
2017-11-26,23884.45721185994
2017-11-27,24340.2514621428
2017-11-28,24236.796795040565
2017-11-29,23481.69610363334
2017-11-30,24174.999853931306
2017-12-01,26024.439271170926
2017-12-02,25942.12476094692
2017-12-03,26704.034429610783
2017-12-04,27485.30932817052
2017-12-05,27362.069471440715
2017-12-06,29993.5811970512
2017-12-07,32872.5789910605
2017-12-08,33962.85241074988
2017-12-09,32213.95412463125
2017-12-10,31879.951433734594
2017-12-11,35983.375490053964
2017-12-12,38675.0172509496
2017-12-13,37951.77083808518
2017-12-14,39436.199966228705
2017-12-15,40804.4506352124
2017-12-16,43763.63771923511
2017-12-17,43562.740284121704
2017-12-18,45009.75770429082
2017-12-19,44389.314181491834
2017-12-20,43675.37268634937
2017-12-21,41349.30272767998
2017-12-22,36233.59273204111
2017-12-23,38502.82358004373
2017-12-24,36740.680799198686
2017-12-25,37290.10320857224
2017-12-26,41334.055258757726
2017-12-27,40379.99354645425
2017-12-28,38472.863515907215
2017-12-29,39641.309299907705
2017-12-30,35293.42572902095
2017-12-31,38675.035483590626
2018-01-01,38045.223735901905
2018-01-02,41977.9893005425
2018-01-03,44028.04665608428
2018-01-04,43779.49453166566
2018-01-05,46546.24689331284
2018-01-06,47904.33581258244
2018-01-07,47572.23727171054
2018-01-08,44787.999778157886
2018-01-09,44681.31357968781
2018-01-10,45595.29985614648
2018-01-11,41116.5817645714
2018-01-12,43561.58677310825
2018-01-13,45625.62897436459
2018-01-14,43792.16662183447
2018-01-15,42446.728306067474
2018-01-16,34557.0900510449
2018-01-17,34217.25855582904
2018-01-18,34616.24531768874
2018-01-19,35355.08842553561
2018-01-20,39078.3489365506
2018-01-21,35188.316702421966
2018-01-22,33107.471818304955
2018-01-23,33064.00860950066
2018-01-24,34762.74593878914
2018-01-25,34138.833931729554
2018-01-26,33821.668101442476
2018-01-27,34890.71434984028
2018-01-28,36947.312680845476
2018-01-29,35222.92002735859
2018-01-30,31762.249046746547
2018-01-31,32421.075599798485
2018-02-01,29004.715536066054
2018-02-02,27350.752411159632
2018-02-03,28805.816990756804
2018-02-04,25206.4440310179
2018-02-05,21079.351430319948
2018-02-06,23596.883609727956
2018-02-07,22982.68605469493
2018-02-08,25379.02475605823
2018-02-09,27112.707299319434
2018-02-10,26685.072824027808
2018-02-11,25315.61867259512
2018-02-12,27461.13653648988
2018-02-13,26460.312514310837
2018-02-14,29542.63343303522
2018-02-15,30549.124668296896
2018-02-16,31163.730340619255
2018-02-17,33224.45926797661
2018-02-18,30973.20323190982
2018-02-19,32695.09124093849
2018-02-20,31994.513550751853
2018-02-21,29898.959742814284
2018-02-22,28194.69294773153
2018-02-23,29385.337683477792
2018-02-24,28268.578184573464
2018-02-25,28275.49511437022
2018-02-26,29824.362898994437
2018-02-27,30251.998211665028
2018-02-28,29411.275817891717
2018-03-01,30799.38668349072
2018-03-02,30776.234016648956
2018-03-03,31445.127344497752
2018-03-04,31842.29357914319
2018-03-05,31368.743751075628
2018-03-06,29690.740169922767
2018-03-07,27474.73823956416
2018-03-08,25701.949692276707
2018-03-09,26010.055475608806
2018-03-10,24593.15496065968
2018-03-11,26495.48316381578
2018-03-12,25375.83681694461
2018-03-13,25351.31838642213
2018-03-14,22600.093253210303
2018-03-15,22589.24656759007
2018-03-16,22512.25391191759
2018-03-17,21099.315960819644
2018-03-18,21602.631142775997
2018-03-19,22894.152124746688
2018-03-20,23588.338329504237
2018-03-21,23517.676715939477
2018-03-22,22951.95020611822
2018-03-23,23325.677386349827
2018-03-24,22362.4561851568
2018-03-25,22276.28489952772
2018-03-26,21109.980467289864
2018-03-27,20035.90266213216
2018-03-28,20301.024615145583
2018-03-29,17928.58957741957
2018-03-30,17640.312935704296
2018-03-31,17724.24755140719
2018-04-01,17245.38080607371
2018-04-02,17811.199900403644
2018-04-03,18996.5168199241
2018-04-04,17269.325895924398
2018-04-05,17356.84872310956
2018-04-06,16818.902522961434
2018-04-07,17474.093701098376
2018-04-08,17928.80083878861
2018-04-09,17460.15692103294
2018-04-10,17730.222707449393
2018-04-11,18416.61379905597
2018-04-12,21044.269940187758
2018-04-13,20942.288792644234
2018-04-14,21234.673262785967
2018-04-15,22436.27530161855
2018-04-16,21684.521059083152
2018-04-17,21376.57825341724
2018-04-18,22623.242064811442
2018-04-19,23505.421855374152
2018-04-20,25690.177391811572
2018-04-21,25403.919679419185
2018-04-22,25458.576326643597
2018-04-23,26420.56520232054
2018-04-24,28498.384376996233
2018-04-25,25731.602899771395
2018-04-26,27344.278986476213
2018-04-27,26419.132441642432
2018-04-28,28060.379224386077
2018-04-29,28627.911077592576
2018-04-30,27622.57019550547
2018-05-01,27531.1061855283
2018-05-02,28213.17686660807
2018-05-03,29850.665883563157
2018-05-04,29765.238183151272
2018-05-05,30692.4546764812
2018-05-06,29970.495662805013
2018-05-07,28927.37042585351
2018-05-08,28481.90555419045
2018-05-09,28630.49043625008
2018-05-10,27413.231550495282
2018-05-11,25263.699440905937
2018-05-12,25646.594428813518
2018-05-13,26644.686152628
2018-05-14,26430.27266696705
2018-05-15,25587.369212157533
2018-05-16,25301.458622817016
2018-05-17,24112.234715489263
2018-05-18,24793.85296052394
2018-05-19,24747.136471316237
2018-05-20,25769.20442759879
2018-05-21,25170.042706929067
2018-05-22,23555.862701918664
2018-05-23,21711.367561317802
2018-05-24,22512.810393059208
2018-05-25,21911.65056072117
2018-05-26,21728.25075086227
2018-05-27,21566.2228147744
2018-05-28,20155.263210821002
2018-05-29,21694.1151837526
2018-05-30,21434.8625486475
2018-05-31,21929.380372415464
2018-06-01,22072.747479214246
2018-06-02,22758.055051400603
2018-06-03,23297.838509787372
2018-06-04,22348.72645691867
2018-06-05,22904.274267252873
2018-06-06,22866.25719120006
2018-06-07,22977.25077657643
2018-06-08,22701.20448466459
2018-06-09,22346.108728813895
2018-06-10,19787.193497224667
2018-06-11,20137.898242869273
2018-06-12,18844.664416894455
2018-06-13,18146.894102766793
2018-06-14,19383.489859339454
2018-06-15,18449.93675188124
2018-06-16,18700.25580706013
2018-06-17,18595.064743951
2018-06-18,19329.93127014252
2018-06-19,19640.85828087441
2018-06-20,19570.10038963912
2018-06-21,19355.10091294537
2018-06-22,17177.047687435184
2018-06-23,17493.041947046895
2018-06-24,17150.94189345783
2018-06-25,17389.279662860816
2018-06-26,16567.006334464055
2018-06-27,16921.351265423993
2018-06-28,16051.59061222596
2018-06-29,16901.673330291796
2018-06-30,17500.333068466127
2018-07-01,17426.7218643491
2018-07-02,18336.05934581799
2018-07-03,17961.53739266102
2018-07-04,18223.438038241307
2018-07-05,18042.19458107648
2018-07-06,18087.790133020873
2018-07-07,18587.913000982204
2018-07-08,18429.21917996937
2018-07-09,18083.207044246825
2018-07-10,16953.744048654233
2018-07-11,17273.41120683414
2018-07-12,16840.015356248485
2018-07-13,16836.60090392259
2018-07-14,16907.11473842747
2018-07-15,17329.992136265086
2018-07-16,18488.942475022708
2018-07-17,19822.263476442655
2018-07-18,19648.377531817096
2018-07-19,19628.437832151787
2018-07-20,18937.848282723866
2018-07-21,19252.385347365598
2018-07-22,19186.048138618935
2018-07-23,19554.359188332066
2018-07-24,21123.332300085058
2018-07-25,20646.07715646868
2018-07-26,20113.02822330255
2018-07-27,20622.994512685622
2018-07-28,20692.544371612716
2018-07-29,20653.151263340795
2018-07-30,20350.255934973924
2018-07-31,19281.377578358268
2018-08-01,18968.65284341012
2018-08-02,18630.648881325003
2018-08-03,18547.84676143144
2018-08-04,17685.993698525945
2018-08-05,17822.643898237096
2018-08-06,17534.71393357108
2018-08-07,16742.814074806978
2018-08-08,15516.245215529822
2018-08-09,16093.67358439821
2018-08-10,14990.716126309393
2018-08-11,14888.268662802218
2018-08-12,15043.69064302161
2018-08-13,14424.826361582875
2018-08-14,14224.236062455093
2018-08-15,14380.880051558861
2018-08-16,14538.397694239355
2018-08-17,15711.984881216822
2018-08-18,14954.474306832002
2018-08-19,15230.137061871646
2018-08-20,14370.424932441303
2018-08-21,14912.478308195523
2018-08-22,14529.819842421362
2018-08-23,14914.179832535254
2018-08-24,15249.325368108191
2018-08-25,15298.67157093296
2018-08-26,15201.892051580262
2018-08-27,15825.69194218082
2018-08-28,16284.221330955665
2018-08-29,16119.402018735502
2018-08-30,15939.716225703949
2018-08-31,16015.271653208922
2018-09-01,16623.57517841788
2018-09-02,16803.25814097829
2018-09-03,16621.375725417896
2018-09-04,16761.79832392116
2018-09-05,14722.542389227665
2018-09-06,14493.057369125401
2018-09-07,14097.454472246785
2018-09-08,13496.38046412384
2018-09-09,13598.674862860129
2018-09-10,13683.20365975396
2018-09-11,13460.604222743039
2018-09-12,13490.23215958154
2018-09-13,14123.63075455297
2018-09-14,14043.362163108068
2018-09-15,14247.472567063818
2018-09-16,14222.958116152475
2018-09-17,13464.618868045905
2018-09-18,13870.586021883255
2018-09-19,13996.455795509695
2018-09-20,14662.230284681938
2018-09-21,15632.481109092432
2018-09-22,15455.600395527055
2018-09-23,15549.199925973644
2018-09-24,14952.392407968191
2018-09-25,14659.361649457782
2018-09-26,14720.61927809515
2018-09-27,15426.873985143746
2018-09-28,15197.605268138817
2018-09-29,15275.551275354903
2018-09-30,15342.945829759174
2018-10-01,15274.464636350322
2018-10-02,14967.412356016752
2018-10-03,14847.885232605904
2018-10-04,15015.30272329959
2018-10-05,15150.789694130028
2018-10-06,14963.262711900265
2018-10-07,15030.739537885964
2018-10-08,15193.06390506758
2018-10-09,15107.027004235772
2018-10-10,14940.1657363702
2018-10-11,13597.802778967694
2018-10-12,13821.739298330956
2018-10-13,13891.4989508529
2018-10-14,13769.445637905594
2018-10-15,14500.377543193492
2018-10-16,14601.291631949403
2018-10-17,14567.115970427947
2018-10-18,14363.415272926077
2018-10-19,14330.91083391974
2018-10-20,14450.032209823545
2018-10-21,14435.191822554205
2018-10-22,14401.489475656681
2018-10-23,14388.873102386531
2018-10-24,14387.877292541365
2018-10-25,14337.351225950197
2018-10-26,14367.319701795943
2018-10-27,14345.767334738603
2018-10-28,14364.303396743651
2018-10-29,13953.46961356356
2018-10-30,13972.955136587916
2018-10-31,14081.835651978776
2018-11-01,14175.542885990453
2018-11-02,14297.737105525292
2018-11-03,14257.43930513851
2018-11-04,14731.249095023833
2018-11-05,14732.552871036154
2018-11-06,15173.427902121448
2018-11-07,15154.914877279753
2018-11-08,14777.157766167882
2018-11-09,14602.751881644082
2018-11-10,14683.63917257069
2018-11-11,14681.603482079328
2018-11-12,14613.933485285508
2018-11-13,14420.005303094656
2018-11-14,12905.558641501128
2018-11-15,12805.697437304278
2018-11-16,12524.704512936813
2018-11-17,12558.11654386882
2018-11-18,12693.923226915782
2018-11-19,10876.097066177697
2018-11-20,9911.834928064067
2018-11-21,10341.95199736848
2018-11-22,9638.365105978211
2018-11-23,9600.397591066418
2018-11-24,8531.424480941623
2018-11-25,8853.46161334611
2018-11-26,8364.910640730357
2018-11-27,8432.88194430125
2018-11-28,9384.645750698946
2018-11-29,9310.726450341952
2018-11-30,8769.82558870056
2018-12-01,9129.845068495
2018-12-02,9025.088380720148
2018-12-03,8421.693363502452
2018-12-04,8522.97821775666
2018-12-05,8017.749723914563
2018-12-06,7363.097497973218
2018-12-07,7278.2984256899845
2018-12-08,7306.99409439777
2018-12-09,7585.880848844407
2018-12-10,7315.70408167789
2018-12-11,7160.283507362406
2018-12-12,7349.672604829043
2018-12-13,6993.621245935062
2018-12-14,6829.643401775799
2018-12-15,6811.332105708564
2018-12-16,6851.053200460839
2018-12-17,7586.928607020117
2018-12-18,8023.649143673455
2018-12-19,8047.128015155369
2018-12-20,9024.397244585145
2018-12-21,8524.295379514211
2018-12-22,8863.695555588609
2018-12-23,8963.576134604062
2018-12-24,9230.96545889244
2018-12-25,8651.970920269494
2018-12-26,8721.125051910854
2018-12-27,8067.764279885825
2018-12-28,8931.019499676937
2018-12-29,8606.181903065759
2018-12-30,8828.147439218108
2018-12-31,8454.119821866409
2019-01-01,8826.195698727553
2019-01-02,9117.71442525274
2019-01-03,8812.554545612838
2019-01-04,8930.095385144246
2019-01-05,8874.020513871628
2019-01-06,9349.4778209586
2019-01-07,9212.980538390044
2019-01-08,9178.86348984539
2019-01-09,9205.936246655845
2019-01-10,8209.870030342116
2019-01-11,8211.495672557992
2019-01-12,8180.070299290155
2019-01-13,7864.118177216995
2019-01-14,8304.716787274509
2019-01-15,8051.590811156141
2019-01-16,8125.495136990034
2019-01-17,8200.07245646489
2019-01-18,8097.484859524502
2019-01-19,8273.152762599333
2019-01-20,7918.9241660333655
2019-01-21,7898.091585383186
2019-01-22,8021.737287620294
2019-01-23,7968.3109528199475
2019-01-24,8004.357280244238
2019-01-25,7961.893220515565
2019-01-26,7946.0410172157335
2019-01-27,7862.454798177471
2019-01-28,7557.741559688472
2019-01-29,7476.950073225026
2019-01-30,7715.8071299203475
2019-01-31,7622.02349578149
2019-02-01,7668.025092907186
2019-02-02,7779.222504933151
2019-02-03,7622.932451285362
2019-02-04,7608.636163309696
2019-02-05,7644.7976040553685
2019-02-06,7493.431618608359
2019-02-07,7482.236412491929
2019-02-08,8161.997521364466
2019-02-09,8168.584330009667
2019-02-10,8269.854236774729
2019-02-11,8094.692099876616
2019-02-12,8138.635664147447
2019-02-13,8101.490103212183
2019-02-14,8048.535413748405
2019-02-15,8075.001631515859
2019-02-16,8107.42548042753
2019-02-17,8306.484036194679
2019-02-18,8949.609476772208
2019-02-19,8966.688112560341
2019-02-20,9155.363980937083
2019-02-21,9018.076589906384
2019-02-22,9132.289166529989
2019-02-23,9581.900065103575
2019-02-24,8537.324651520437
2019-02-25,8814.659454735724
2019-02-26,8729.327555032685
2019-02-27,8706.697672015242
2019-02-28,8703.723673664204
2019-03-01,8736.467624440216
2019-03-02,8712.280310265776
2019-03-03,8645.94929400104
2019-03-04,8409.229218719469
2019-03-05,8845.565620490375
2019-03-06,8889.179693739976
2019-03-07,8887.498721432901
2019-03-08,8795.376255932622
2019-03-09,8990.194652572063
2019-03-10,8934.354070039926
2019-03-11,8800.432973452544
2019-03-12,8841.21121967764
2019-03-13,8806.277513417748
2019-03-14,8813.132926408965
2019-03-15,8976.758627643992
2019-03-16,9189.807049448409
2019-03-17,9119.671525059835
2019-03-18,9103.815032222472
2019-03-19,9170.736635098921
2019-03-20,9234.342267871254
2019-03-21,9051.167828550588
2019-03-22,9082.67819938979
2019-03-23,9109.06786021916
2019-03-24,9061.883455655674
2019-03-25,8914.13561962494
2019-03-26,8951.292614480024
2019-03-27,9259.478507318096
2019-03-28,9207.73388226968
2019-03-29,9411.271893656776
2019-03-30,9389.90196996219
2019-03-31,9382.385946962899
2019-04-01,9454.437383826911
2019-04-02,11157.494837223456
2019-04-03,11268.66580759081
2019-04-04,11098.084194329682
2019-04-05,11516.710697418115
2019-04-06,11532.383619766986
2019-04-07,11894.885772458885
2019-04-08,12067.10542061031
2019-04-09,11833.096351621369
2019-04-10,12082.862665435381
2019-04-11,11379.910724895619
2019-04-12,11438.164892459512
2019-04-13,11411.570665435476
2019-04-14,11670.261594298252
2019-04-15,11296.740968416536
2019-04-16,11691.774854092588
2019-04-17,11740.578211700842
2019-04-18,11926.23367019804
2019-04-19,11926.93818515301
2019-04-20,11954.21579989191
2019-04-21,11829.401763006828
2019-04-22,11993.175139025525
2019-04-23,12185.906844552052
2019-04-24,11929.004550386544
2019-04-25,11258.273352994313
2019-04-26,11444.566660452028
2019-04-27,11462.621622945338
2019-04-28,11447.177832046402
2019-04-29,11403.624125401486
2019-04-30,11794.47786339792
2019-05-01,11818.109758432058
2019-05-02,11944.021531307431
2019-05-03,12509.029845528199
2019-05-04,12598.507642428103
2019-05-05,12489.614447552665
2019-05-06,12553.042219729161
2019-05-07,12578.711665103783
2019-05-08,12881.96199633454
2019-05-09,13172.030170637354
2019-05-10,13507.326625322623
2019-05-11,15243.588084699357
2019-05-12,14788.335234670916
2019-05-13,16284.76371587377
2019-05-14,17017.777934672005
2019-05-15,17873.78842424819
2019-05-16,17391.95651549644
2019-05-17,16259.03195780929
2019-05-18,15892.353194431893
2019-05-19,17879.398322712215
2019-05-20,17393.093744602713
2019-05-21,17341.260064851293
2019-05-22,16602.84676438483
2019-05-23,17076.5807498421
2019-05-24,17420.16909743419
2019-05-25,17552.354437590213
2019-05-26,18968.856301918142
2019-05-27,19261.347439734844
2019-05-28,19194.788719471024
2019-05-29,19078.3661849455
2019-05-30,18139.899700288217
2019-05-31,18896.305939770904
2019-06-01,18784.27287885766
2019-06-02,19169.92669099807
2019-06-03,17755.000720329088
2019-06-04,16868.732624783584
2019-06-05,17139.09222712179
2019-06-06,17279.644146931452
2019-06-07,17654.248758674505
2019-06-08,17452.950298991753
2019-06-09,16753.84178797078
2019-06-10,17688.87418342014
2019-06-11,17510.511628656484
2019-06-12,18170.315692153414
2019-06-13,18205.216414531547
2019-06-14,18968.223246988935
2019-06-15,19338.406316697834
2019-06-16,19538.92386388922
2019-06-17,20216.25803163121
2019-06-18,19649.45348054084
2019-06-19,20043.380392856423
2019-06-20,20428.995130588857
2019-06-21,21834.7380696453
2019-06-22,22793.150483265985
2019-06-23,22964.653379765376
2019-06-24,23314.422922989786
2019-06-25,24388.855790022244
2019-06-26,26188.035044399556
2019-06-27,22733.845086581296
2019-06-28,24828.04240882477
2019-06-29,24286.347137935954
2019-06-30,22076.26089288923
2019-07-01,21944.0027488175
2019-07-02,22217.57439931626
2019-07-03,24105.427559425832
2019-07-04,22557.529512184014
2019-07-05,22392.67268480429
2019-07-06,22774.218598846543
2019-07-07,23376.278625810945
2019-07-08,24690.88799703544
2019-07-09,24999.82714916949
2019-07-10,23848.169532062027
2019-07-11,22253.71358678282
2019-07-12,23108.1893500465
2019-07-13,22305.269459471234
2019-07-14,19723.5466967639
2019-07-15,20826.312175985062
2019-07-16,18150.16542231861
2019-07-17,18953.64983592703
2019-07-18,20698.822715148075
2019-07-19,20496.774898463995
2019-07-20,21060.630620954063
2019-07-21,20759.30045819917
2019-07-22,20187.33713515449
2019-07-23,19315.841835223986
2019-07-24,19333.751198414342
2019-07-25,19500.025282692663
2019-07-26,19509.298422936114
2019-07-27,18710.631168258125
2019-07-28,18844.571919040573
2019-07-29,18758.03300281904
2019-07-30,18931.144889396837
2019-07-31,19848.324286796877
2019-08-01,20305.931493701446
2019-08-02,20444.30453557373
2019-08-03,20941.897340617237
2019-08-04,21176.80147762517
2019-08-05,22590.40965315703
2019-08-06,21896.82930352864
2019-08-07,22674.99537374711
2019-08-08,22637.45242402864
2019-08-09,22211.208304123273
2019-08-10,21354.689730339273
2019-08-11,21937.127840414087
2019-08-12,21614.498077282635
2019-08-13,20791.953460720408
2019-08-14,19082.153123211934
2019-08-15,19540.180590810767
2019-08-16,19548.84028532404
2019-08-17,19344.58883358316
2019-08-18,19679.42127893526
2019-08-19,20692.189807565006
2019-08-20,20349.955595851996
2019-08-21,19226.02066598876
2019-08-22,19266.83819462796
2019-08-23,19801.064335454153
2019-08-24,19323.755652570246
2019-08-25,19244.932909679967
2019-08-26,19613.45694872379
2019-08-27,19305.173585060475
2019-08-28,18331.144851865083
2019-08-29,17923.270060285457
2019-08-30,18060.703332611123
2019-08-31,18122.695675971336
2019-09-01,18377.548825941525
2019-09-02,19445.15653358558
2019-09-03,19830.479783524963
2019-09-04,19673.655254963738
2019-09-05,19641.018060868286
2019-09-06,19166.523441314257
2019-09-07,19619.237897551233
2019-09-08,19568.28174011888
2019-09-09,19410.461431643525
2019-09-10,19063.16674134107
2019-09-11,19109.456364768732
2019-09-12,19530.91217913168
2019-09-13,19447.77044873441
2019-09-14,19565.84491659038
2019-09-15,19475.964160029052
2019-09-16,19516.801077627002
2019-09-17,19586.24474192141
2019-09-18,19673.765748129154
2019-09-19,19895.891556471048
2019-09-20,19674.01948513697
2019-09-21,19319.987069121344
2019-09-22,19299.397459317915
2019-09-23,18595.89869199654
2019-09-24,16160.464550782192
2019-09-25,16084.117530448677
2019-09-26,15413.156887649397
2019-09-27,15721.078064115616
2019-09-28,15760.474018592282
2019-09-29,15431.994876550076
2019-09-30,16015.613587880824
2019-10-01,15965.373202971128
2019-10-02,16123.66462289209
2019-10-03,15828.80104878183
2019-10-04,15730.38412462193
2019-10-05,15729.886048100387
2019-10-06,15203.592302209247
2019-10-07,15950.373578571867
2019-10-08,15908.099555818722
2019-10-09,16717.74540538577
2019-10-10,16639.017259738124
2019-10-11,16000.798725905033
2019-10-12,16086.052648529974
2019-10-13,16088.826157722055
2019-10-14,16314.600138695923
2019-10-15,15914.674723019154
2019-10-16,15559.35387277308
2019-10-17,15787.060882105212
2019-10-18,15520.97700068222
2019-10-19,15525.662322304059
2019-10-20,16014.996591472232
2019-10-21,16008.825146942254
2019-10-22,15650.160118749625
2019-10-23,14611.020646820534
2019-10-24,14557.954436744678
2019-10-25,16885.967835723684
2019-10-26,17765.836400117758
2019-10-27,18304.991467337342
2019-10-28,17778.807816295324
2019-10-29,18265.438538038805
2019-10-30,17736.016015402416
2019-10-31,17701.849612902104
2019-11-01,17849.694988560466
2019-11-02,17962.72131882916
2019-11-03,17778.70516882645
2019-11-04,18195.461401759436
2019-11-05,18123.465272922247
2019-11-06,18220.472119351827
2019-11-07,17856.37395134685
2019-11-08,17078.164572065903
2019-11-09,17202.788080076203
2019-11-10,17630.763588219943
2019-11-11,17068.027276984772
2019-11-12,17238.903185899468
2019-11-13,17159.85650820883
2019-11-14,16894.62926924138
2019-11-15,16522.667051538836
2019-11-16,16593.787711180765
2019-11-17,16651.870375725244
2019-11-18,15976.909463858736
2019-11-19,15862.293021972011
2019-11-20,15767.681184517533
2019-11-21,14826.2652065098
2019-11-22,14111.796253339753
2019-11-23,14257.667221494314
2019-11-24,13385.594526985868
2019-11-25,13799.221875062809
2019-11-26,13906.607141601837
2019-11-27,14546.51593226044
2019-11-28,14366.593463374757
2019-11-29,14964.073140433646
2019-11-30,14587.000148191191
2019-12-01,14338.440077265186
2019-12-02,14129.034575187663
2019-12-03,14100.298342006785
2019-12-04,13899.496085368133
2019-12-05,14256.136817076014
2019-12-06,14518.39673879481
2019-12-07,14437.50656351098
2019-12-08,14508.422536629034
2019-12-09,14162.429143654654
2019-12-10,13952.08896435133
2019-12-11,13896.710376490528
2019-12-12,13880.251164495867
2019-12-13,14001.02201033535
2019-12-14,13651.406288123964
2019-12-15,13740.25137056905
2019-12-16,13209.875168670598
2019-12-17,12595.568525115455
2019-12-18,13836.672010367767
2019-12-19,13546.630259980146
2019-12-20,13637.140060195117
2019-12-21,13539.239199641785
2019-12-22,14221.889348636876
2019-12-23,13821.342280104334
2019-12-24,13731.35371987345
2019-12-25,13595.309104016247
2019-12-26,13611.92931440923
2019-12-27,13732.387297124444
2019-12-28,13861.441905836413
2019-12-29,14076.62882600809
2019-12-30,13761.409472295496
2019-12-31,13642.863813411803
2020-01-01,13675.92192858495
2020-01-02,13241.223053423728
2020-01-03,14004.97638684225
2020-01-04,14035.587764881628
2020-01-05,14064.221577460294
2020-01-06,14921.165265479774
2020-01-07,15516.137420696052
2020-01-08,15288.269403486354
2020-01-09,14877.608796145618
2020-01-10,15658.611968123267
2020-01-11,15338.309540866489
2020-01-12,15670.635752034945
2020-01-13,15494.858767241947
2020-01-14,17079.76455700022
2020-01-15,17054.917187960364
2020-01-16,16850.085935535928
2020-01-17,17308.433682448212
2020-01-18,17324.9943700729
2020-01-19,16890.8538583888
2020-01-20,16778.772904926893
2020-01-21,16968.60408134394
2020-01-22,16874.81992302612
2020-01-23,16299.759451040836
2020-01-24,16349.848214842172
2020-01-25,16142.977753076231
2020-01-26,16745.08728830252
2020-01-27,17288.647572818736
2020-01-28,18206.65386401931
2020-01-29,17999.760095444803
2020-01-30,18536.593680924547
2020-01-31,18186.577642190427
2020-02-01,18325.701520511302
2020-02-02,18297.46860975462
2020-02-03,18260.650102547716
2020-02-04,18078.174417422164
2020-02-05,19108.24514549679
2020-02-06,19453.089160667707
2020-02-07,19611.275168320455
2020-02-08,19788.889261644283
2020-02-09,20285.38642144426
2020-02-10,19687.44386316085
2020-02-11,20557.15757218804
2020-02-12,21061.66172239336
2020-02-13,20954.77656150093
2020-02-14,21410.52398256096
2020-02-15,20273.288937806738
2020-02-16,20138.080917606552
2020-02-17,19853.72777155682
2020-02-18,20851.89510825111
2020-02-19,19512.57776716176
2020-02-20,19491.554006850456
2020-02-21,19749.9028140337
2020-02-22,19676.83800032108
2020-02-23,20377.803575585684
2020-02-24,19696.444185076358
2020-02-25,18838.882372766537
2020-02-26,17603.18279350522
2020-02-27,17743.558667144316
2020-02-28,17550.255515823974
2020-02-29,17120.967153307636
2020-03-01,17114.11219933813
2020-03-02,17984.997387859246
2020-03-03,17623.718429341607
2020-03-04,17616.357042870302
2020-03-05,18207.952278226297
2020-03-06,18555.76521297947
2020-03-07,18001.479803223276
2020-03-08,16026.217432909287
2020-03-09,15902.793158010312
2020-03-10,15820.46071541551
2020-03-11,15791.405986741946
2020-03-12,9547.512982549926
2020-03-13,11163.413080288854
2020-03-14,10241.355056501792
2020-03-15,10583.808388990179
2020-03-16,9911.099305899777
2020-03-17,10463.346956859514
2020-03-18,10632.539054624198
2020-03-19,12190.234248168108
2020-03-20,12152.12310661786
2020-03-21,12170.893561843865
2020-03-22,11385.451469756019
2020-03-23,12668.874099709603
2020-03-24,13157.0157453321
2020-03-25,12982.299684517964
2020-03-26,13182.613567679362
2020-03-27,12439.93613523836
2020-03-28,12258.74384625589
2020-03-29,11534.875222858826
2020-03-30,12519.29745100653
2020-03-31,12562.140812079562
2020-04-01,12981.621483268473
2020-04-02,13284.41008455948
2020-04-03,13216.14481245044
2020-04-04,13464.320497387047
2020-04-05,13274.124041461513
2020-04-06,14593.588149069737
2020-04-07,14268.623062729666
2020-04-08,14736.872809180468
2020-04-09,14551.91333576723
2020-04-10,13641.384388581317
2020-04-11,13683.460935202445
2020-04-12,13727.724056503495
2020-04-13,13622.700303401669
2020-04-14,13662.500038735425
2020-04-15,13157.388879416843
2020-04-16,14216.91725086859
2020-04-17,14071.207612211449
2020-04-18,14664.572039431278
2020-04-19,14317.420198219452
2020-04-20,13695.265656976493
2020-04-21,13733.717878890566
2020-04-22,14353.055827131717
2020-04-23,14954.97606834407
2020-04-24,15037.346997952474
2020-04-25,15164.86864363176
2020-04-26,15460.626850874227
2020-04-27,15573.41791375787
2020-04-28,15569.76556324389
2020-04-29,17449.282265435642
2020-04-30,17019.07694344771
2020-05-01,17429.779419337832
2020-05-02,17734.084285796736
2020-05-03,17528.22992127755
2020-05-04,17430.87152262411
2020-05-05,17639.62965230049
2020-05-06,17718.521364857985
2020-05-07,19205.708959530555
2020-05-08,18921.746605642602
2020-05-09,18493.005052700435
2020-05-10,16849.009460969064
2020-05-11,16575.763593310297
2020-05-12,17015.061900962966
2020-05-13,17916.06398755812
2020-05-14,18695.443924449384
2020-05-15,17822.44207658344
2020-05-16,18014.180481720323
2020-05-17,18537.79240818553
2020-05-18,18755.609368213565
2020-05-19,18846.950125517433
2020-05-20,18344.529805230468
2020-05-21,17480.0916717626
2020-05-22,17785.47371151321
2020-05-23,17786.309046305905
2020-05-24,16940.77664638966
2020-05-25,17301.423654917886
2020-05-26,17164.35834325317
2020-05-27,17835.57133863091
2020-05-28,18558.85118159802
2020-05-29,18309.62029063715
2020-05-30,19049.8035939835
2020-05-31,18472.256640340744
2020-06-01,19890.059864083833
2020-06-02,18682.200292454003
2020-06-03,18990.763170400787
2020-06-04,19168.813394800203
2020-06-05,18873.73910293732
2020-06-06,18975.33256074893
2020-06-07,19130.019689098237
2020-06-08,19199.0844849224
2020-06-09,19153.86377724441
2020-06-10,19391.55382830731
2020-06-11,18127.736255299453
2020-06-12,18537.965299624913
2020-06-13,18560.72809688052
2020-06-14,18241.31028262918
2020-06-15,18400.373985682334
2020-06-16,18608.506790211726
2020-06-17,18486.863196309198
2020-06-18,18313.42243861743
2020-06-19,18157.93377051063
2020-06-20,18251.655346002626
2020-06-21,18118.263440275183
2020-06-22,18950.18690234411
2020-06-23,18841.034538895346
2020-06-24,18186.96565384509
2020-06-25,18093.46862589238
2020-06-26,17919.838580360163
2020-06-27,17530.62144208141
2020-06-28,17770.53953761369
2020-06-29,17917.684975701908
2020-06-30,17808.421882416947
2020-07-01,18035.040630874733
2020-07-02,17737.817754282616
2020-07-03,17688.8175375258
2020-07-04,17863.783901822153
2020-07-05,17735.401837660014
2020-07-06,18427.504653127227
2020-07-07,18234.34730050568
2020-07-08,18670.762249632557
2020-07-09,18282.478868871334
2020-07-10,18346.360751393393
2020-07-11,18240.46702427876
2020-07-12,18392.842003504145
2020-07-13,18234.859437028823
2020-07-14,18273.838719571893
2020-07-15,18137.92512376765
2020-07-16,17973.78210557432
2020-07-17,18001.670260175695
2020-07-18,18087.232755091445
2020-07-19,18181.344668704594
2020-07-20,18045.347186122795
2020-07-21,18553.341152587953
2020-07-22,18993.356316361784
2020-07-23,19237.361593869387
2020-07-24,19152.633630729462
2020-07-25,19735.134654468795
2020-07-26,20148.132955522546
2020-07-27,22111.217059509
2020-07-28,21949.8736569013
2020-07-29,22262.69217839975
2020-07-30,22454.531390063174
2020-07-31,23026.901394300337
2020-08-01,24292.378540582027
2020-08-02,22847.47177964768
2020-08-03,23350.221048202613
2020-08-04,23283.380441533838
2020-08-05,24313.93589065796
2020-08-06,24316.473517124112
2020-08-07,23851.407881401934
2020-08-08,24307.920178351917
2020-08-09,24061.96417579679
2020-08-10,24476.318833959635
2020-08-11,23409.615876851898
2020-08-12,23776.007969619353
2020-08-13,24570.530868902955
2020-08-14,24685.544748306438
2020-08-15,24785.800487616325
2020-08-16,24918.512503670434
2020-08-17,25564.46959845928
2020-08-18,24839.29757539609
2020-08-19,24324.265411971093
2020-08-20,24590.241325852363
2020-08-21,23708.822783300904
2020-08-22,24042.049175122884
2020-08-23,23948.024401974246
2020-08-24,24319.003272954695
2020-08-25,23319.767545419418
2020-08-26,23566.265317568712
2020-08-27,23269.9970867068
2020-08-28,23752.113392447747
2020-08-29,23689.548607817378
2020-08-30,24425.144482723834
2020-08-31,24358.436420164806
2020-09-01,25278.422170262238
2020-09-02,23963.034164180794
2020-09-03,21257.860176829447
2020-09-04,21793.55733308438
2020-09-05,20790.142382575184
2020-09-06,21115.42657809757
2020-09-07,21338.25935679298
2020-09-08,20753.348438807476
2020-09-09,21095.837928754627
2020-09-10,21444.212696519007
2020-09-11,21599.814348410462
2020-09-12,21917.85830086502
2020-09-13,21528.69588620473
2020-09-14,22171.272790984283
2020-09-15,22103.897317019637
2020-09-16,22366.16296517499
2020-09-17,22606.74268841252
2020-09-18,22514.042952603206
2020-09-19,22705.186867648456
2020-09-20,22248.707551409392
2020-09-21,21001.796942120483
2020-09-22,21274.576016616273
2020-09-23,20480.786188197188
2020-09-24,21680.310934944093
2020-09-25,21726.88303489042
2020-09-26,21821.30104052684
2020-09-27,21977.486387285782
2020-09-28,21803.658776847224
2020-09-29,22114.316428581515
2020-09-30,22011.774618040145
2020-10-01,21659.736964397183
2020-10-02,21440.225909251363
2020-10-03,21418.19856163344
2020-10-04,21736.904040477624
2020-10-05,21943.563808799794
2020-10-06,21461.33213480678
2020-10-07,21605.503291871257
2020-10-08,22149.262302506075
2020-10-09,22532.23291526811
2020-10-10,22962.394293219277
2020-10-11,23137.271969294154
2020-10-12,23536.456375692036
2020-10-13,23326.210237744363
2020-10-14,23263.868190114754
2020-10-15,23397.818447851532
2020-10-16,22920.474836028065
2020-10-17,23000.370650876564
2020-10-18,23331.306130219713
2020-10-19,23680.519583776575
2020-10-20,23723.830890523273
2020-10-21,25374.46132597269
2020-10-22,25951.483129672743
2020-10-23,25835.007314196737
2020-10-24,26213.645783135948
2020-10-25,25998.936814834167
2020-10-26,25872.44967521979
2020-10-27,26857.70086815954
2020-10-28,26082.747902854273
2020-10-29,26277.803683137354
2020-10-30,26330.795922801695
2020-10-31,26735.219088452708
2020-11-01,26811.018458027378
2020-11-02,26267.158163631924
2020-11-03,26966.68564178543
2020-11-04,27284.693391142697
2020-11-05,29647.72831096924
2020-11-06,30182.36835471205
2020-11-07,28728.5992892294
2020-11-08,29966.97792394262
2020-11-09,29614.627462333126
2020-11-10,29650.002846204563
2020-11-11,30348.472766218067
2020-11-12,31216.21488988445
2020-11-13,31488.877102064802
2020-11-14,30923.475680621726
2020-11-15,30583.103485915664
2020-11-16,31974.169536644626
2020-11-17,33717.72507150923
2020-11-18,33766.78264314145
2020-11-19,33841.423970560674
2020-11-20,35659.31895765571
2020-11-21,36759.07305831991
2020-11-22,36266.69623409085
2020-11-23,37299.26636189745
2020-11-24,38790.240366466816
2020-11-25,37359.900128942885
2020-11-26,34033.594489728246
2020-11-27,34040.23762287296
2020-11-28,35387.22450715437
2020-11-29,36464.70244243858
2020-11-30,39424.69724903446
2020-12-01,37429.57507202814
2020-12-02,38329.50639058415
2020-12-03,38847.614132895455
2020-12-04,36828.77519485459
2020-12-05,38040.98255108126
2020-12-06,38497.87741403796
2020-12-07,38042.39181767782
2020-12-08,36134.210346864485
2020-12-09,36788.65316705715
2020-12-10,36113.07757989559
2020-12-11,35606.191568389455
2020-12-12,36929.397468728974
2020-12-13,37790.94714804544
2020-12-14,37872.72765303183
2020-12-15,38079.233511085644
2020-12-16,41840.453594890365
2020-12-17,44052.211001749376
2020-12-18,44696.885799493764
2020-12-19,45820.545920782504
2020-12-20,45043.7851206214
2020-12-21,43309.26376969904
2020-12-22,45093.21469308042
2020-12-23,42795.14697526673
2020-12-24,44261.617590075344
2020-12-25,45897.799962483434
2020-12-26,48474.34275982241
2020-12-27,48583.85282064161
2020-12-28,50271.808038342744
2020-12-29,50744.54968949899
2020-12-30,53044.2644205585
2020-12-31,53371.528994417014
2021-01-01,53938.77876654347
2021-01-02,58487.547310074995
2021-01-03,62054.4497313629
2021-01-04,61093.31524823288
2021-01-05,64738.13604697549
2021-01-06,70640.63731003851
2021-01-07,74640.79894020878
2021-01-08,76119.42013730669
2021-01-09,76809.26616455728
2021-01-10,73253.68209450357
2021-01-11,66973.46897254564
2021-01-12,64553.79778797329
2021-01-13,70767.1188698529
2021-01-14,74527.93365703302
2021-01-15,70279.7251857603
2021-01-16,70188.23784899454
2021-01-17,70114.60649218745
2021-01-18,71546.00875762354
2021-01-19,71424.18053206705
2021-01-20,71024.50825721404
2021-01-21,60976.13788736846
2021-01-22,65608.45084273168
2021-01-23,64555.04979326916
2021-01-24,66247.78995058045
2021-01-25,65348.85129675277
2021-01-26,66137.25364324337
2021-01-27,61406.742971430576
2021-01-28,67242.88818089881
2021-01-29,68879.87040653806
2021-01-30,69688.34033764692
2021-01-31,67395.23353535966
2021-02-01,68460.47371929078
2021-02-02,72804.24924738005
2021-02-03,77911.39868597567
2021-02-04,76196.54423011409
2021-02-05,79997.12927383518
2021-02-06,81241.65997314983
2021-02-07,79993.66631241195
2021-02-08,92972.3671657581
2021-02-09,94060.4972368867
2021-02-10,92337.9436887969
2021-02-11,97710.09828477696
2021-02-12,98453.17119121164
2021-02-13,98563.50138557552
2021-02-14,99971.15250598794
2021-02-15,98380.30092986822
2021-02-16,100204.0820029911
2021-02-17,106146.02641741461
2021-02-18,106380.49903833786
2021-02-19,115222.89464361526
2021-02-20,114257.5440088894
2021-02-21,117475.4375365542
2021-02-22,110445.44234078196
2021-02-23,98773.93895124002
2021-02-24,101048.34597302641
2021-02-25,95142.62837092798
2021-02-26,93995.71699808576
2021-02-27,94533.21488249087
2021-02-28,92414.23711657057
2021-03-01,101200.49282254536
2021-03-02,98575.56610905092
2021-03-03,102185.17856865174
2021-03-04,98449.38113833993
2021-03-05,98756.71169074955
2021-03-06,100049.30918463884
2021-03-07,104148.62990323966
2021-03-08,107352.79626070264
2021-03-09,112545.82460323934
2021-03-10,112596.15537912401
2021-03-11,115728.3584396486
2021-03-12,113672.51750446993
2021-03-13,121558.78035851009
2021-03-14,117026.51424770689
2021-03-15,111193.6584899935
2021-03-16,114024.49706314896
2021-03-17,117827.70888684934
2021-03-18,114844.11724744097
2021-03-19,116242.34947817904
2021-03-20,116258.63976786507
2021-03-21,114818.33069220763
2021-03-22,108687.78588634159
2021-03-23,108804.90551023412
2021-03-24,103925.20597547288
2021-03-25,102545.95103660224
2021-03-26,110289.55648490049
2021-03-27,111484.12663357929
2021-03-28,111119.7645111345
2021-03-29,115446.36763929289
2021-03-30,117797.60679804465
2021-03-31,118677.00871087906
2021-04-01,119612.6790546081
2021-04-02,122117.75902149838
2021-04-03,117566.81600096017
2021-04-04,120815.63786032947
2021-04-05,124287.9895131545
2021-04-06,124004.21172278908
2021-04-07,117730.1890175507
2021-04-08,123370.89690038387
2021-04-09,123313.20917870509
2021-04-10,128350.86384812952
2021-04-11,129396.97984417879
2021-04-12,130879.72389680977
2021-04-13,139429.40361014023
2021-04-14,140517.90800918083
2021-04-15,142278.52343815216
2021-04-16,139581.48589646252
2021-04-17,135420.75599244342
2021-04-18,127853.73150996029
2021-04-19,126314.09050101998
2021-04-20,129834.1275227657
2021-04-21,124718.60574204354
2021-04-22,120270.7870643324
2021-04-23,119351.72277834946
2021-04-24,114976.8054269947
2021-04-25,114538.51937277638
2021-04-26,126601.72982927813
2021-04-27,130384.39613796755
2021-04-28,131294.94569800614
2021-04-29,129783.92149267296
2021-04-30,137919.39002331044
2021-05-01,140409.54608091176
2021-05-02,138066.5865595813
2021-05-03,144954.94575788727
2021-05-04,136656.2778592039
2021-05-05,150124.1046151327
2021-05-06,147752.34680890324
2021-05-07,149567.5615138087
2021-05-08,155438.76856304816
2021-05-09,154766.0658632099
2021-05-10,148184.251742287
2021-05-11,153998.44054718508
2021-05-12,135396.16154730585
2021-05-13,137387.55910436064
2021-05-14,143218.861346112
2021-05-15,133659.96470837892
2021-05-16,132801.7720659406
2021-05-17,123641.77281189479
2021-05-18,124025.79723932207
2021-05-19,96489.889768889
2021-05-20,108628.72129894592
2021-05-21,97218.16703566168
2021-05-22,94609.69791437591
2021-05-23,86451.79841177288
2021-05-24,101867.30788710932
2021-05-25,101238.46064071379
2021-05-26,106240.9819198158
2021-05-27,102791.6625111857
2021-05-28,93689.86498296302
2021-05-29,89609.24056619866
2021-05-30,93275.52069219899
2021-05-31,100881.39976732338
2021-06-01,99650.94319046932
2021-06-02,102997.53136304965
2021-06-03,107430.84791980113
2021-06-04,104049.0158506517
2021-06-05,97517.048144009
2021-06-06,98886.29541295921
2021-06-07,92610.2617939746
2021-06-08,91530.67428861596
2021-06-09,93568.37854732022
2021-06-10,95725.05005734813
2021-06-11,94611.53407894583
2021-06-12,92202.85513974789
2021-06-13,99631.61705403359
2021-06-14,103134.86372696175
2021-06-15,101777.07584003797
2021-06-16,96655.0457482606
2021-06-17,96467.232677937
2021-06-18,90913.16993494204
2021-06-19,89224.02622490207
2021-06-20,90372.34554532578
2021-06-21,76996.54236606143
2021-06-22,77939.96891028283
2021-06-23,82191.93423224168
2021-06-24,84735.22046766228
2021-06-25,77151.82115771671
2021-06-26,77494.71181789356
2021-06-27,84217.50348382126
2021-06-28,84844.89038080798
2021-06-29,88355.14273614345
2021-06-30,88171.84150293063
2021-07-01,83473.08952047456
2021-07-02,84505.44598660106
2021-07-03,86726.38887024268
2021-07-04,88950.95870194414
2021-07-05,84792.4372022138
2021-07-06,87265.41612194563
2021-07-07,86741.60198580948
2021-07-08,82446.93329059787
2021-07-09,84475.09596681826
2021-07-10,83434.43596788486
2021-07-11,84978.26569480641
2021-07-12,81850.41133655379
2021-07-13,80010.70409963024
2021-07-14,80573.72426088197
2021-07-15,78065.93593729836
2021-07-16,76294.80861647848
2021-07-17,76819.15682457194
2021-07-18,77142.74563166029
2021-07-19,74224.78186898428
2021-07-20,71755.31935551981
2021-07-21,78485.02184177384
2021-07-22,79342.45203585851
2021-07-23,82577.24822260828
2021-07-24,84213.22408377241
2021-07-25,85932.77495648866
2021-07-26,89163.84472075854
2021-07-27,93400.87250233913
2021-07-28,94581.36422649487
2021-07-29,95625.05853406846
2021-07-30,99931.99722717635
2021-07-31,99820.51018648989
2021-08-01,97531.49209922722
2021-08-02,97026.4236540518
2021-08-03,94602.74513006635
2021-08-04,99303.99527250626
2021-08-05,102169.47267128059
2021-08-06,105932.17976557724
2021-08-07,112318.79643474016
2021-08-08,108774.12908412474
2021-08-09,114539.22907757807
2021-08-10,114333.10295311865
2021-08-11,116014.78402868054
2021-08-12,113038.40454323555
2021-08-13,122830.69963733135
2021-08-14,122187.4317641609
2021-08-15,123241.65746657363
2021-08-16,119544.70331132552
2021-08-17,115138.43711828685
2021-08-18,115953.71003298771
2021-08-19,122649.90188923395
2021-08-20,128261.11427228143
2021-08-21,126451.0057259506
2021-08-22,127878.28073018523
2021-08-23,130302.48663451229
2021-08-24,124083.0986241134
2021-08-25,127296.3539711544
2021-08-26,121137.9746985159
2021-08-27,128675.33390629131
2021-08-28,127737.87049890342
2021-08-29,127141.44491034915
2021-08-30,124028.24205758976
2021-08-31,127066.28696479673
2021-09-01,134548.18526427328
2021-09-02,135289.66793530996
2021-09-03,138719.19484339788
2021-09-04,137683.073849489
2021-09-05,142149.96565321123
2021-09-06,143772.7354402137
2021-09-07,126512.6144413622
2021-09-08,125969.51428145051
2021-09-09,125862.1184507038
2021-09-10,120450.44285709634
2021-09-11,122302.19083334917
2021-09-12,124991.46069405759
2021-09-13,121187.75909458197
2021-09-14,126113.57246240489
2021-09-15,130032.27997101737
2021-09-16,128377.0001150517
2021-09-17,125446.6620915385
2021-09-18,128049.08285432836
2021-09-19,124603.44119886844
2021-09-20,112518.57124793403
2021-09-21,106044.02902763127
2021-09-22,115770.48185310372
2021-09-23,118847.80120924408
2021-09-24,112535.31928201033
2021-09-25,112147.90323286867
2021-09-26,113899.52856610413
2021-09-27,110642.65259519762
2021-09-28,107220.68204559757
2021-09-29,109156.50896405675
2021-09-30,114823.23828027425
2021-10-01,126238.58660484821
2021-10-02,126414.12708687171
2021-10-03,127859.40064843954
2021-10-04,128709.35396541096
2021-10-05,133863.55048012116
2021-10-06,139992.5575092889
2021-10-07,137927.10470351766
2021-10-08,137712.0364907863
2021-10-09,139826.84631883967
2021-10-10,137096.87136568353
2021-10-11,142687.71382174126
2021-10-12,140697.20264563803
2021-10-13,144518.36931440147
2021-10-14,146365.5291235462
2021-10-15,154361.19238472014
2021-10-16,152317.27304116092
2021-10-17,153437.74697051587
2021-10-18,153263.24356486375
2021-10-19,158068.0849211859
2021-10-20,164641.61528235
2021-10-21,157220.9329763915
2021-10-22,154381.48243032143
2021-10-23,157432.54493302034
2021-10-24,155721.14757234426
2021-10-25,160972.85071168118
2021-10-26,155541.07933605573
2021-10-27,148790.40136612314
2021-10-28,156974.51045185004
2021-10-29,161724.7526971707
2021-10-30,159917.04112740725
2021-10-31,158996.11386490613
